day,m,comp,amp
2026-09-10,14,X,4.2
2026-09-10,130,X,4.2
2026-09-10,130,Y,4.0
2026-09-10,167,Y,6.9
2026-09-10,292,Y,4.9
2026-09-10,367,X,5.6
2026-09-10,528,Y,4.1
2026-09-10,598,X,5.0
2026-09-10,598,Y,6.0
2026-09-10,614,X,4.4
2026-09-10,717,X,5.8
2026-09-10,717,Y,4.0
2026-09-10,724,X,5.1
2026-09-10,725,Y,6.0
2026-09-10,767,Y,4.3
2026-09-10,945,Y,5.4
2026-09-10,956,Y,5.0
2026-09-10,1143,X,4.6
2026-09-10,1225,X,4.7
2026-09-10,1289,Y,6.8
2026-09-10,1291,X,5.9
2026-09-10,1336,Y,4.7
2026-09-10,1341,X,6.1
2026-09-10,1398,Y,4.0
2026-09-10,1427,Y,4.1
2026-09-12,18,X,6.7
2026-09-12,19,Y,5.1
2026-09-12,26,Y,4.5
2026-09-12,27,X,6.1
2026-09-12,44,X,4.2
2026-09-12,46,Y,4.7
2026-09-12,174,X,4.8
2026-09-12,193,X,4.1
2026-09-12,233,Y,5.4
2026-09-12,237,X,4.2
2026-09-12,319,X,4.3
2026-09-12,320,Y,5.4
2026-09-12,361,Y,4.3
2026-09-12,420,Y,4.2
2026-09-12,559,X,5.1
2026-09-12,823,X,4.2
2026-09-12,831,X,5.7
2026-09-12,850,X,4.0
2026-09-12,1027,X,5.2
2026-09-12,1027,Y,5.5
2026-09-12,1035,X,5.1
2026-09-12,1074,X,5.1
2026-09-12,1123,X,10.8
2026-09-12,1188,X,5.1
2026-09-12,1218,Y,6.8
2026-09-12,1222,X,4.3
2026-09-12,1223,Y,4.1
2026-09-12,1228,X,4.2
2026-09-12,1233,X,4.3
2026-09-12,1331,X,7.0
2026-09-12,1343,X,5.4
2026-09-12,1343,Y,5.6
2026-09-12,1420,X,4.9
2026-09-12,1420,Y,4.5
2026-09-13,37,X,5.0
2026-09-13,37,Y,6.2
2026-09-13,53,Y,4.4
2026-09-13,74,Y,6.7
2026-09-13,76,X,5.3
2026-09-13,91,Y,4.8
2026-09-13,210,Y,5.3
2026-09-13,211,X,4.9
2026-09-13,224,Y,4.3
2026-09-13,238,X,4.5
2026-09-13,241,Y,4.5
2026-09-13,407,Y,4.4
2026-09-13,439,X,4.0
2026-09-13,678,X,4.4
2026-09-13,678,Y,4.4
2026-09-13,760,X,4.4
2026-09-13,829,X,5.6
2026-09-13,953,Y,5.0
2026-09-13,956,X,4.2
2026-09-13,979,X,4.7
2026-09-13,987,X,4.4
2026-09-13,1266,Y,4.2
2026-09-13,1308,X,4.9
2026-09-13,1371,X,4.1
2026-09-14,64,Y,4.1
2026-09-14,97,Y,4.5
2026-09-14,258,X,4.2
2026-09-14,258,Y,5.1
2026-09-14,264,X,4.8
2026-09-14,266,Y,5.1
2026-09-14,276,Y,4.3
2026-09-14,280,X,4.6
2026-09-14,399,Y,4.0
2026-09-14,435,X,4.7
2026-09-14,437,Y,6.7
2026-09-14,461,Y,5.0
2026-09-14,467,Y,4.1
2026-09-14,472,X,4.2
2026-09-14,475,Y,4.6
2026-09-14,638,X,6.8
2026-09-14,646,X,4.8
2026-09-14,677,X,7.1
2026-09-14,683,X,6.7
2026-09-14,683,Y,4.5
2026-09-14,741,X,4.6
2026-09-14,755,X,5.6
2026-09-14,842,X,4.7
2026-09-14,842,Y,6.9
2026-09-14,893,X,5.0
2026-09-14,905,X,7.0
2026-09-14,912,X,6.1
2026-09-14,948,X,4.2
2026-09-14,953,X,9.8
2026-09-14,960,X,5.0
2026-09-14,970,Y,4.3
2026-09-14,971,X,6.2
2026-09-14,988,Y,5.3
2026-09-14,991,X,4.7
2026-09-14,1013,X,4.7
2026-09-14,1042,Y,4.0
2026-09-14,1054,X,4.3
2026-09-14,1109,Y,8.1
2026-09-14,1110,X,12.7
2026-09-14,1115,X,4.4
2026-09-14,1118,Y,5.2
2026-09-14,1119,X,4.5
2026-09-14,1124,X,7.6
2026-09-14,1126,Y,6.4
2026-09-14,1204,Y,4.2
2026-09-14,1208,X,4.0
2026-09-14,1344,Y,4.0
2026-09-14,1353,X,5.1
2026-09-14,1413,Y,6.4
2026-09-14,1415,X,5.0
2026-09-14,1426,Y,5.3
2026-09-15,7,Y,4.6
2026-09-15,15,X,6.7
2026-09-15,28,Y,4.2
2026-09-15,94,Y,5.0
2026-09-15,104,Y,4.3
2026-09-15,225,X,14.5
2026-09-15,226,Y,10.3
2026-09-15,240,Y,4.3
2026-09-15,241,X,4.9
2026-09-15,250,Y,5.1
2026-09-15,277,X,4.4
2026-09-15,286,Y,4.8
2026-09-15,584,X,4.2
2026-09-15,636,X,4.1
2026-09-15,740,Y,4.3
2026-09-15,742,X,7.5
2026-09-15,752,Y,6.0
2026-09-15,756,X,6.5
2026-09-15,759,Y,5.6
2026-09-15,763,X,4.0
2026-09-15,766,Y,5.3
2026-09-15,768,X,8.3
2026-09-15,783,X,6.9
2026-09-15,784,Y,8.1
2026-09-15,976,X,5.0
2026-09-15,1051,Y,4.8
2026-09-15,1055,Y,4.8
2026-09-15,1060,Y,4.3
2026-09-15,1188,X,4.1
2026-09-15,1190,Y,4.2
2026-09-15,1201,X,4.9
2026-09-15,1201,Y,4.6
2026-09-15,1223,Y,5.5
2026-09-15,1272,Y,4.0
2026-09-15,1413,X,5.0
2026-09-15,1421,Y,4.6
2026-09-16,149,Y,4.1
2026-09-16,157,X,5.8
2026-09-16,247,X,4.4
2026-09-16,247,Y,5.2
2026-09-16,344,X,4.0
2026-09-16,373,X,5.3
2026-09-16,492,X,7.0
2026-09-16,495,Y,4.1
2026-09-16,588,Y,4.3
2026-09-16,626,X,5.8
2026-09-16,663,Y,4.3
2026-09-16,664,X,4.1
2026-09-16,686,X,5.2
2026-09-16,686,Y,5.0
2026-09-16,708,X,6.9
2026-09-16,708,Y,6.4
2026-09-16,776,Y,5.6
2026-09-16,786,X,6.0
2026-09-16,791,X,4.9
2026-09-16,824,Y,4.4
2026-09-16,951,X,4.0
2026-09-16,993,X,4.5
2026-09-16,1005,Y,5.2
2026-09-16,1202,X,4.4
2026-09-16,1206,Y,4.4
2026-09-16,1376,Y,4.7
2026-09-16,1377,X,4.1
2026-09-16,1383,Y,4.8
2026-09-16,1384,X,7.2
2026-09-16,1393,Y,5.0
2026-09-16,1398,Y,5.4
2026-09-17,124,X,6.4
2026-09-17,129,X,4.5
2026-09-17,142,Y,4.2
2026-09-17,155,X,4.5
2026-09-17,220,Y,4.0
2026-09-17,234,Y,4.2
2026-09-17,313,X,6.0
2026-09-17,314,Y,5.0
2026-09-17,364,X,4.4
2026-09-17,365,Y,4.8
2026-09-17,391,Y,4.9
2026-09-17,429,Y,4.8
2026-09-17,648,X,5.3
2026-09-17,660,X,5.1
2026-09-17,673,X,5.2
2026-09-17,679,X,4.3
2026-09-17,728,X,5.0
2026-09-17,736,X,4.0
2026-09-17,823,Y,4.3
2026-09-17,824,X,6.8
2026-09-17,879,X,4.3
2026-09-17,886,X,4.3
2026-09-17,996,X,4.8
2026-09-17,1001,Y,4.3
2026-09-17,1003,X,5.9
2026-09-17,1016,Y,5.1
2026-09-17,1021,X,4.1
2026-09-17,1068,X,4.2
2026-09-17,1090,Y,4.4
2026-09-17,1101,Y,5.0
2026-09-17,1214,Y,6.0
2026-09-17,1267,X,4.6
2026-09-17,1294,Y,5.8
2026-09-17,1295,X,5.4
2026-09-17,1326,Y,4.7
2026-09-17,1337,X,4.6
2026-09-17,1351,Y,4.1
2026-09-18,203,X,5.4
2026-09-18,237,Y,5.4
2026-09-18,322,Y,4.9
2026-09-18,401,Y,4.4
2026-09-18,514,X,4.6
2026-09-18,601,X,5.0
2026-09-18,606,X,4.6
2026-09-18,622,X,5.0
2026-09-18,657,Y,5.0
2026-09-18,906,X,10.5
2026-09-18,906,Y,5.5
2026-09-18,910,X,4.5
2026-09-18,937,X,6.3
2026-09-18,937,Y,5.1
2026-09-18,949,Y,4.3
2026-09-18,1004,X,4.1
2026-09-18,1065,Y,4.3
2026-09-18,1156,X,4.5
2026-09-18,1220,X,4.5
2026-09-18,1252,X,4.5
2026-09-18,1256,X,4.0
2026-09-18,1262,X,4.7
2026-09-18,1263,Y,5.4
2026-09-18,1266,X,5.8
2026-09-18,1267,Y,4.8
2026-09-18,1312,X,6.8
2026-09-18,1314,Y,5.3
2026-09-18,1316,X,4.7
2026-09-18,1318,Y,8.9
2026-09-18,1323,X,6.6
2026-09-18,1331,Y,4.0
2026-09-18,1338,Y,4.0
2026-09-18,1339,X,4.3
2026-09-19,73,Y,4.9
2026-09-19,81,Y,7.9
2026-09-19,83,X,6.8
2026-09-19,86,Y,8.9
2026-09-19,88,X,10.7
2026-09-19,94,X,7.9
2026-09-19,95,Y,6.6
2026-09-19,98,X,5.4
2026-09-19,103,Y,6.0
2026-09-19,114,Y,4.2
2026-09-19,297,Y,4.4
2026-09-19,304,X,4.4
2026-09-19,317,Y,4.3
2026-09-19,322,X,5.9
2026-09-19,323,Y,4.4
2026-09-19,364,Y,8.4
2026-09-19,378,X,4.0
2026-09-19,492,Y,5.1
2026-09-19,600,Y,4.0
2026-09-19,614,X,4.5
2026-09-19,679,X,6.3
2026-09-19,679,Y,4.5
2026-09-19,683,X,4.4
2026-09-19,688,X,4.7
2026-09-19,694,Y,4.1
2026-09-19,698,X,4.7
2026-09-19,716,X,6.0
2026-09-19,716,Y,4.3
2026-09-19,752,X,4.4
2026-09-19,827,X,6.2
2026-09-19,839,Y,5.9
2026-09-19,841,X,6.0
2026-09-19,927,X,5.2
2026-09-19,934,X,4.3
2026-09-19,941,Y,4.5
2026-09-19,957,X,4.2
2026-09-19,1074,Y,5.5
2026-09-19,1077,X,4.5
2026-09-19,1087,X,4.8
2026-09-19,1095,X,4.1
2026-09-19,1101,Y,4.6
2026-09-19,1111,X,4.2
2026-09-19,1327,Y,5.1
2026-09-19,1418,Y,5.2
2026-09-19,1420,X,5.5
2026-09-19,1425,X,9.7
2026-09-19,1434,X,4.8
2026-09-20,4,Y,4.0
2026-09-20,10,Y,5.3
2026-09-20,16,Y,4.8
2026-09-20,18,X,5.7
2026-09-20,118,Y,4.1
2026-09-20,123,X,4.1
2026-09-20,137,Y,8.8
2026-09-20,179,Y,4.2
2026-09-20,262,X,5.0
2026-09-20,280,X,5.2
2026-09-20,335,Y,5.5
2026-09-20,391,X,5.4
2026-09-20,451,Y,4.4
2026-09-20,458,X,4.2
2026-09-20,458,Y,6.8
2026-09-20,478,X,5.1
2026-09-20,479,Y,5.5
2026-09-20,654,Y,7.8
2026-09-20,658,X,5.7
2026-09-20,684,X,4.8
2026-09-20,684,Y,6.6
2026-09-20,733,Y,4.4
2026-09-20,873,X,10.0
2026-09-20,1055,Y,5.1
2026-09-20,1135,Y,6.8
2026-09-20,1331,X,7.5
2026-09-20,1335,Y,9.8
2026-09-20,1372,Y,4.7
2026-09-20,1377,Y,4.6
2026-09-20,1384,X,4.1
2026-09-20,1386,Y,5.6
2026-09-21,28,X,4.8
2026-09-21,32,X,6.7
2026-09-21,32,Y,9.0
2026-09-21,49,X,4.1
2026-09-21,51,Y,5.6
2026-09-21,186,Y,4.1
2026-09-21,753,X,4.2
2026-09-21,974,X,6.7
2026-09-21,989,X,11.9
2026-09-21,992,Y,4.1
2026-09-21,997,X,7.4
2026-09-21,1002,Y,6.3
2026-09-21,1087,Y,5.6
2026-09-21,1101,X,4.4
2026-09-21,1103,Y,4.1
2026-09-21,1228,X,5.2
2026-09-21,1233,X,6.2
2026-09-21,1255,X,5.2
2026-09-21,1274,X,4.4
2026-09-21,1280,X,4.5
2026-09-21,1325,Y,4.4
2026-09-22,53,Y,4.3
2026-09-22,73,Y,4.2
2026-09-22,1046,Y,8.8
2026-09-22,1049,X,7.4
2026-09-22,1055,X,4.3
2026-09-22,1090,Y,4.4
2026-09-22,1207,X,4.6
2026-09-22,1322,X,8.1
2026-09-22,1327,Y,10.5
2026-09-22,1339,Y,7.1
2026-09-22,1341,X,4.9
2026-09-22,1352,X,8.9
2026-09-22,1356,X,4.8
2026-09-22,1365,X,5.0
2026-09-22,1375,X,5.7
2026-09-22,1380,X,4.0
2026-09-23,23,Y,7.4
2026-09-23,26,X,6.2
2026-09-23,83,X,4.1
2026-09-23,84,Y,4.5
2026-09-23,148,X,4.3
2026-09-23,149,Y,8.0
2026-09-23,174,Y,4.1
2026-09-23,219,Y,4.3
2026-09-23,738,X,8.0
2026-09-23,739,Y,5.2
2026-09-23,757,X,5.3
2026-09-23,975,X,11.9
2026-09-23,1094,Y,6.7
2026-09-23,1096,X,9.6
2026-09-23,1102,Y,6.7
2026-09-23,1103,X,5.7
2026-09-23,1108,X,4.4
2026-09-23,1111,Y,4.2
2026-09-23,1161,X,8.2
2026-09-23,1165,Y,5.3
2026-09-23,1190,Y,9.1
2026-09-23,1191,X,6.4
2026-09-23,1254,Y,4.6
2026-09-23,1256,X,4.1
2026-09-23,1295,X,6.5
2026-09-23,1327,X,10.2
2026-09-23,1327,Y,7.0
2026-09-23,1392,Y,4.5
2026-09-23,1402,Y,7.6
2026-09-23,1409,X,4.1
2026-09-24,31,X,4.0
2026-09-24,34,Y,4.9
2026-09-24,42,X,5.3
2026-09-24,49,X,4.0
2026-09-24,103,X,5.7
2026-09-24,104,Y,5.6
2026-09-24,112,X,4.5
2026-09-24,113,Y,5.8
2026-09-24,123,X,4.2
2026-09-24,124,Y,5.0
2026-09-24,149,Y,4.3
2026-09-24,159,X,5.7
2026-09-24,162,Y,4.9
2026-09-24,218,Y,4.8
2026-09-24,240,X,4.2
2026-09-24,305,X,4.5
2026-09-24,332,Y,4.7
2026-09-24,333,X,5.9
2026-09-24,338,Y,8.0
2026-09-24,342,X,4.4
2026-09-24,436,Y,4.9
2026-09-24,460,Y,4.2
2026-09-24,463,X,4.1
2026-09-24,513,X,5.8
2026-09-24,575,Y,6.0
2026-09-24,578,X,5.9
2026-09-24,588,X,4.3
2026-09-24,593,X,5.7
2026-09-24,593,Y,5.5
2026-09-24,602,X,5.2
2026-09-24,634,Y,4.9
2026-09-24,652,X,4.4
2026-09-24,720,X,4.2
2026-09-24,744,Y,4.0
2026-09-24,749,X,4.1
2026-09-24,777,X,4.3
2026-09-24,942,Y,5.4
2026-09-24,944,X,4.0
2026-09-24,948,X,6.0
2026-09-24,953,Y,4.2
2026-09-24,1088,Y,5.1
2026-09-24,1140,Y,5.1
2026-09-24,1145,Y,4.0
2026-09-24,1222,X,4.1
2026-09-24,1266,X,4.8
2026-09-24,1393,X,4.5
2026-09-24,1421,X,4.4
2026-09-25,1,X,4.0
2026-09-25,85,Y,4.9
2026-09-25,92,Y,5.3
2026-09-25,345,X,5.4
2026-09-25,363,Y,4.5
2026-09-25,369,Y,5.6
2026-09-25,436,Y,4.3
2026-09-25,463,Y,5.7
2026-09-25,483,Y,4.3
2026-09-25,488,Y,4.7
2026-09-25,567,X,4.1
2026-09-25,576,X,5.9
2026-09-25,633,X,4.9
2026-09-25,649,Y,7.2
2026-09-25,651,X,5.6
2026-09-25,665,X,4.6
2026-09-25,674,X,4.6
2026-09-25,835,Y,5.0
2026-09-25,870,X,5.7
2026-09-25,888,Y,5.7
2026-09-25,1071,Y,4.4
2026-09-25,1080,X,4.0
2026-09-25,1080,Y,4.8
2026-09-25,1114,X,4.1
2026-09-25,1217,Y,4.4
2026-09-25,1226,X,4.1
2026-09-25,1253,Y,7.3
2026-09-25,1256,X,4.6
2026-09-25,1259,Y,4.6
2026-09-25,1262,X,4.2
2026-09-25,1273,Y,4.3
2026-09-25,1405,X,4.2
2026-09-25,1422,Y,4.2
2026-09-26,46,Y,5.0
2026-09-26,91,Y,5.9
2026-09-26,102,Y,4.3
2026-09-26,237,Y,5.4
2026-09-26,458,Y,4.0
2026-09-26,468,Y,5.5
2026-09-26,480,Y,4.3
2026-09-26,498,X,4.3
2026-09-26,555,Y,4.1
2026-09-26,661,Y,5.9
2026-09-26,662,X,8.3
2026-09-26,665,Y,9.5
2026-09-26,671,X,5.9
2026-09-26,679,X,5.1
2026-09-26,681,Y,6.7
2026-09-26,689,X,5.0
2026-09-26,689,Y,4.4
2026-09-26,723,Y,4.8
2026-09-26,724,X,4.4
2026-09-26,783,X,4.0
2026-09-26,821,X,7.9
2026-09-26,823,Y,5.0
2026-09-26,833,X,4.1
2026-09-26,930,X,5.2
2026-09-26,937,X,5.7
2026-09-26,946,X,7.5
2026-09-26,964,X,6.0
2026-09-26,964,Y,4.9
2026-09-26,1045,Y,8.6
2026-09-26,1082,Y,6.0
2026-09-26,1125,X,4.7
2026-09-26,1282,Y,4.0
2026-09-26,1284,X,4.7
2026-09-26,1292,X,4.4
2026-09-26,1303,X,4.3
2026-09-26,1310,Y,4.6
2026-09-26,1377,X,4.2
2026-09-26,1426,X,11.5
2026-09-27,6,X,6.2
2026-09-27,6,Y,7.0
2026-09-27,35,X,4.2
2026-09-27,35,Y,4.2
2026-09-27,39,Y,4.2
2026-09-27,73,X,5.0
2026-09-27,99,X,4.7
2026-09-27,168,Y,4.2
2026-09-27,238,Y,5.0
2026-09-27,408,X,5.0
2026-09-27,422,Y,4.1
2026-09-27,506,Y,4.1
2026-09-27,572,X,5.6
2026-09-27,595,X,4.2
2026-09-27,633,X,6.4
2026-09-27,668,X,4.1
2026-09-27,785,X,4.8
2026-09-27,785,Y,4.8
2026-09-27,807,Y,4.2
2026-09-27,811,X,6.1
2026-09-27,811,Y,6.5
2026-09-27,821,Y,6.5
2026-09-27,822,X,4.2
2026-09-27,1049,Y,4.4
2026-09-27,1061,Y,4.5
2026-09-27,1067,Y,6.2
2026-09-27,1084,Y,6.0
2026-09-27,1329,X,4.0
2026-09-27,1338,X,6.2
2026-09-27,1338,Y,4.1
2026-09-27,1383,X,4.6
2026-09-27,1383,Y,5.8
2026-09-27,1421,Y,4.1
2026-09-28,35,Y,4.1
2026-09-28,193,Y,5.1
2026-09-28,249,Y,5.8
2026-09-28,352,X,4.5
2026-09-28,685,Y,4.2
2026-09-28,759,Y,4.6
2026-09-28,766,Y,4.1
2026-09-28,891,X,6.9
2026-09-28,895,X,5.1
2026-09-28,941,X,4.2
2026-09-28,1053,Y,7.1
2026-09-28,1056,X,8.2
2026-09-28,1064,Y,6.2
2026-09-28,1070,Y,4.9
2026-09-28,1078,Y,6.2
2026-09-28,1088,Y,4.3
2026-09-28,1221,Y,4.8
2026-09-28,1223,X,10.4
2026-09-28,1226,Y,6.1
2026-09-28,1241,Y,4.4
2026-09-28,1248,X,5.8
2026-09-28,1353,X,4.6
2026-09-28,1362,Y,4.1
2026-09-28,1400,X,6.7
2026-09-28,1400,Y,5.6
2026-09-28,1418,X,4.0
2026-09-29,81,X,5.6
2026-09-29,99,X,4.9
2026-09-29,103,X,4.3
2026-09-29,495,X,4.6
2026-09-29,605,X,4.6
2026-09-29,612,X,4.2
2026-09-29,645,X,5.2
2026-09-29,650,X,4.7
2026-09-29,861,X,4.0
2026-09-29,878,X,7.4
2026-09-29,1045,X,5.6
2026-09-29,1099,X,5.9
2026-09-29,1139,X,7.1
2026-09-29,1162,X,10.0
2026-09-29,1313,X,4.5
2026-09-29,1355,X,5.1
2026-09-29,1367,X,6.5
2026-09-29,1385,X,9.2
2026-09-29,1402,X,7.7
2026-09-29,92,Y,5.4
2026-09-29,106,Y,4.2
2026-09-29,438,Y,4.2
2026-09-29,482,Y,4.5
2026-09-29,1100,Y,5.2
2026-09-29,1130,Y,4.1
2026-09-29,1140,Y,5.6
2026-09-29,1161,Y,9.6
2026-09-29,1172,Y,7.4
2026-09-29,1224,Y,4.6
2026-09-29,1334,Y,6.6
2026-09-29,1340,Y,6.1
2026-09-29,1355,Y,8.1
2026-09-29,1366,Y,13.8
2026-09-29,1370,Y,5.2
2026-09-29,1387,Y,9.7
2026-09-29,1399,Y,5.3
2026-09-30,9,X,4.3
2026-09-30,227,X,6.9
2026-09-30,338,X,4.2
2026-09-30,569,X,4.4
2026-09-30,611,X,4.1
2026-09-30,621,X,4.2
2026-09-30,818,X,6.9
2026-09-30,827,X,4.7
2026-09-30,1001,X,6.1
2026-09-30,1070,X,5.2
2026-09-30,1078,X,12.4
2026-09-30,1319,X,19.4
2026-09-30,1331,X,9.2
2026-09-30,1368,X,6.8
2026-09-30,1424,X,5.8
2026-09-30,1435,X,4.7
2026-09-30,11,Y,5.3
2026-09-30,166,Y,4.2
2026-09-30,818,Y,5.5
2026-09-30,847,Y,4.2
2026-09-30,1070,Y,10.6
2026-09-30,1079,Y,9.4
2026-09-30,1083,Y,13.9
2026-09-30,1226,Y,5.1
2026-09-30,1319,Y,6.0
2026-09-30,1418,Y,7.8
2026-09-30,1432,Y,4.6
2026-10-01,6,X,9.3
2026-10-01,12,X,5.5
2026-10-01,49,X,5.7
2026-10-01,73,X,4.7
2026-10-01,151,X,5.2
2026-10-01,671,X,4.4
2026-10-01,675,X,6.3
2026-10-01,683,X,5.6
2026-10-01,689,X,5.4
2026-10-01,700,X,4.1
2026-10-01,795,X,4.3
2026-10-01,996,X,4.3
2026-10-01,1045,X,6.9
2026-10-01,1087,X,4.5
2026-10-01,1179,X,4.6
2026-10-01,1248,X,5.0
2026-10-01,1252,X,8.2
2026-10-01,1256,X,8.1
2026-10-01,1264,X,4.3
2026-10-01,1283,X,5.2
2026-10-01,6,Y,7.5
2026-10-01,243,Y,4.1
2026-10-01,683,Y,4.2
2026-10-01,689,Y,5.1
2026-10-01,703,Y,5.3
2026-10-01,1021,Y,6.0
2026-10-01,1028,Y,9.5
2026-10-01,1242,Y,15.7
2026-10-02,3,X,4.9
2026-10-02,221,X,5.7
2026-10-02,238,X,4.1
2026-10-02,243,X,4.8
2026-10-02,496,X,4.4
2026-10-02,690,X,4.1
2026-10-02,712,X,4.8
2026-10-02,810,X,4.1
2026-10-02,836,X,4.4
2026-10-02,847,X,5.0
2026-10-02,871,X,5.8
2026-10-02,954,X,8.1
2026-10-02,973,X,5.4
2026-10-02,979,X,5.1
2026-10-02,1151,X,5.7
2026-10-02,1217,X,4.3
2026-10-02,1240,X,5.3
2026-10-02,1246,X,11.2
2026-10-02,1275,X,4.5
2026-10-02,1279,X,7.6
2026-10-02,1284,X,5.2
2026-10-02,1377,X,9.4
2026-10-02,1403,X,4.0
2026-10-02,204,Y,4.5
2026-10-02,214,Y,4.1
2026-10-02,220,Y,6.6
2026-10-02,230,Y,5.2
2026-10-02,235,Y,6.5
2026-10-02,250,Y,4.1
2026-10-02,369,Y,4.1
2026-10-02,836,Y,5.0
2026-10-02,847,Y,4.5
2026-10-02,878,Y,4.5
2026-10-02,956,Y,4.2
2026-10-02,1162,Y,6.4
2026-10-02,1246,Y,12.1
2026-10-02,1276,Y,4.0
2026-10-02,1358,Y,4.4
2026-10-02,1372,Y,12.3
2026-10-02,1391,Y,4.1
2026-10-02,1406,Y,4.8
