day,sciame,momento,ora,ampiezza
2026-09-20,Northern iota-Aquariids,tramonta,06:23,0.0
2026-09-20,Northern iota-Aquariids,passaggio inferiore,11:48,0.0
2026-09-20,Northern iota-Aquariids,sorge,17:13,0.0
2026-09-20,Northern iota-Aquariids,culmina,23:46,0.0
2026-09-20,chi-Cygnids,tramonta,04:41,5.2
2026-09-20,chi-Cygnids,passaggio inferiore,07:05,0.0
2026-09-20,chi-Cygnids,sorge,09:29,0.0
2026-09-20,chi-Cygnids,culmina,19:03,0.0
2026-09-20,Daytime kappa-Leonids,sorge,02:35,0.0
2026-09-20,Daytime kappa-Leonids,culmina,09:46,0.0
2026-09-20,Daytime kappa-Leonids,tramonta,16:57,0.0
2026-09-20,Daytime kappa-Leonids,passaggio inferiore,21:44,0.0
2026-09-20,Daytime Sextantids,sorge,02:51,0.0
2026-09-20,Daytime Sextantids,culmina,09:04,0.0
2026-09-20,Daytime Sextantids,tramonta,15:17,0.0
2026-09-20,Daytime Sextantids,passaggio inferiore,21:02,0.0
2026-09-20,September epsilon-Perseids,culmina,03:11,0.0
2026-09-20,September epsilon-Perseids,tramonta,13:10,0.0
2026-09-20,September epsilon-Perseids,passaggio inferiore,15:09,0.0
2026-09-20,September epsilon-Perseids,sorge,17:07,0.0
2026-09-20,nu-Eridanids,culmina,04:13,0.0
2026-09-20,nu-Eridanids,tramonta,10:31,0.0
2026-09-20,nu-Eridanids,passaggio inferiore,16:11,0.0
2026-09-20,nu-Eridanids,sorge,21:51,0.0
2026-09-20,Northern delta-Piscids,culmina,00:06,4.7
2026-09-20,Northern delta-Piscids,tramonta,06:54,0.0
2026-09-20,Northern delta-Piscids,passaggio inferiore,12:04,0.0
2026-09-20,Northern delta-Piscids,sorge,17:14,0.0
2026-09-20,pi6-Orionids,culmina,04:44,5.2
2026-09-20,pi6-Orionids,tramonta,10:48,5.4
2026-09-20,pi6-Orionids,passaggio inferiore,16:42,0.0
2026-09-20,pi6-Orionids,sorge,22:36,0.0
2026-09-20,Aurigids,culmina,06:43,0.0
2026-09-20,Aurigids,tramonta,16:32,0.0
2026-09-20,Aurigids,passaggio inferiore,18:41,0.0
2026-09-20,Aurigids,sorge,20:49,0.0
2026-09-20,xi-Draconids,culmina,07:13,0.0
2026-09-20,xi-Draconids,passaggio inferiore,19:11,0.0
2026-09-20,epsilon-Geminids,culmina,04:38,5.2
2026-09-20,epsilon-Geminids,tramonta,13:06,0.0
2026-09-20,epsilon-Geminids,passaggio inferiore,16:36,0.0
2026-09-20,epsilon-Geminids,sorge,20:06,0.0
2026-09-20,omicron-Geminids,culmina,08:08,0.0
2026-09-20,omicron-Geminids,tramonta,18:35,0.0
2026-09-20,omicron-Geminids,passaggio inferiore,20:06,0.0
2026-09-20,omicron-Geminids,sorge,21:38,0.0
2026-09-20,August Draconids,passaggio inferiore,03:46,0.0
2026-09-20,August Draconids,culmina,15:44,0.0
2026-09-20,tau-Cancrids,culmina,06:33,5.4
2026-09-20,tau-Cancrids,tramonta,14:58,0.0
2026-09-20,tau-Cancrids,passaggio inferiore,18:31,0.0
2026-09-20,tau-Cancrids,sorge,22:05,5.5
2026-09-20,Northern iota-Aquariids [variante 1973-mm λ148],tramonta,05:09,0.0
2026-09-20,Northern iota-Aquariids [variante 1973-mm λ148],passaggio inferiore,10:57,5.7
2026-09-20,Northern iota-Aquariids [variante 1973-mm λ148],sorge,16:45,0.0
2026-09-20,Northern iota-Aquariids [variante 1973-mm λ148],culmina,22:55,4.7
2026-09-20,Southern Taurids,culmina,00:25,0.0
2026-09-20,Southern Taurids,tramonta,06:49,0.0
2026-09-20,Southern Taurids,passaggio inferiore,12:23,0.0
2026-09-20,Southern Taurids,sorge,17:57,0.0
2026-09-20,Northern delta-Aquariids,culmina,00:20,5.2
2026-09-20,Northern delta-Aquariids,tramonta,07:23,0.0
2026-09-20,Northern delta-Aquariids,passaggio inferiore,12:18,4.4
2026-09-20,Northern delta-Aquariids,sorge,17:13,0.0
2026-09-20,Orionids,culmina,03:57,0.0
2026-09-20,Orionids,tramonta,10:59,5.7
2026-09-20,Orionids,passaggio inferiore,15:55,0.0
2026-09-20,Orionids,sorge,20:50,0.0
2026-09-20,kappa-Cygnids,passaggio inferiore,07:41,6.8
2026-09-20,kappa-Cygnids,culmina,19:39,0.0
2026-09-20,Perseids,culmina,05:58,0.0
2026-09-20,Perseids,passaggio inferiore,17:57,0.0
2026-09-20,eta-Eridanids,culmina,04:23,4.8
2026-09-20,eta-Eridanids,tramonta,10:17,0.0
2026-09-20,eta-Eridanids,passaggio inferiore,16:21,0.0
2026-09-20,eta-Eridanids,sorge,22:26,0.0
2026-09-20,chi-Taurids,culmina,00:52,0.0
2026-09-20,chi-Taurids,tramonta,08:28,0.0
2026-09-20,chi-Taurids,passaggio inferiore,12:50,0.0
2026-09-20,chi-Taurids,sorge,17:11,0.0
2026-09-20,Northern Taurids,culmina,00:13,5.2
2026-09-20,Northern Taurids,tramonta,07:04,0.0
2026-09-20,Northern Taurids,passaggio inferiore,12:11,4.4
2026-09-20,Northern Taurids,sorge,17:18,0.0
2026-09-20,omicron-Eridanids,culmina,01:04,0.0
2026-09-20,omicron-Eridanids,tramonta,07:15,0.0
2026-09-20,omicron-Eridanids,passaggio inferiore,13:02,0.0
2026-09-20,omicron-Eridanids,sorge,18:49,5.2
2026-09-21,Northern iota-Aquariids,tramonta,06:23,0.0
2026-09-21,Northern iota-Aquariids,passaggio inferiore,11:47,0.0
2026-09-21,Northern iota-Aquariids,sorge,17:10,0.0
2026-09-21,Northern iota-Aquariids,culmina,23:45,0.0
2026-09-21,Daytime kappa-Leonids,sorge,02:35,0.0
2026-09-21,Daytime kappa-Leonids,culmina,09:45,0.0
2026-09-21,Daytime kappa-Leonids,tramonta,16:54,0.0
2026-09-21,Daytime kappa-Leonids,passaggio inferiore,21:43,0.0
2026-09-21,chi-Cygnids,tramonta,04:48,0.0
2026-09-21,chi-Cygnids,passaggio inferiore,06:59,0.0
2026-09-21,chi-Cygnids,sorge,09:11,0.0
2026-09-21,chi-Cygnids,culmina,18:57,0.0
2026-09-21,Daytime Sextantids,sorge,02:52,0.0
2026-09-21,Daytime Sextantids,culmina,09:03,0.0
2026-09-21,Daytime Sextantids,tramonta,15:14,0.0
2026-09-21,Daytime Sextantids,passaggio inferiore,21:01,5.2
2026-09-21,September epsilon-Perseids,culmina,03:12,4.1
2026-09-21,September epsilon-Perseids,tramonta,13:12,0.0
2026-09-21,September epsilon-Perseids,passaggio inferiore,15:10,0.0
2026-09-21,September epsilon-Perseids,sorge,17:07,0.0
2026-09-21,nu-Eridanids,culmina,04:12,0.0
2026-09-21,nu-Eridanids,tramonta,10:31,0.0
2026-09-21,nu-Eridanids,passaggio inferiore,16:10,5.6
2026-09-21,nu-Eridanids,sorge,21:49,0.0
2026-09-21,Northern delta-Piscids,culmina,00:05,0.0
2026-09-21,Northern delta-Piscids,tramonta,06:55,0.0
2026-09-21,Northern delta-Piscids,passaggio inferiore,12:03,0.0
2026-09-21,Northern delta-Piscids,sorge,17:11,0.0
2026-09-21,pi6-Orionids,culmina,04:43,0.0
2026-09-21,pi6-Orionids,tramonta,10:48,0.0
2026-09-21,pi6-Orionids,passaggio inferiore,16:42,6.3
2026-09-21,pi6-Orionids,sorge,22:35,0.0
2026-09-21,Aurigids,culmina,06:43,0.0
2026-09-21,Aurigids,tramonta,16:33,11.6
2026-09-21,Aurigids,passaggio inferiore,18:41,0.0
2026-09-21,Aurigids,sorge,20:50,5.2
2026-09-21,xi-Draconids,culmina,07:15,0.0
2026-09-21,xi-Draconids,passaggio inferiore,19:13,0.0
2026-09-21,epsilon-Geminids,culmina,04:34,0.0
2026-09-21,epsilon-Geminids,tramonta,13:02,0.0
2026-09-21,epsilon-Geminids,passaggio inferiore,16:32,11.6
2026-09-21,epsilon-Geminids,sorge,20:02,0.0
2026-09-21,tau-Cancrids,culmina,06:33,0.0
2026-09-21,tau-Cancrids,tramonta,14:57,0.0
2026-09-21,tau-Cancrids,passaggio inferiore,18:31,0.0
2026-09-21,tau-Cancrids,sorge,22:05,4.4
2026-09-21,Southern Taurids,culmina,00:24,4.8
2026-09-21,Southern Taurids,tramonta,06:48,0.0
2026-09-21,Southern Taurids,passaggio inferiore,12:22,0.0
2026-09-21,Southern Taurids,sorge,17:56,0.0
2026-09-21,omicron-Geminids,culmina,08:09,0.0
2026-09-21,omicron-Geminids,tramonta,18:35,0.0
2026-09-21,omicron-Geminids,passaggio inferiore,20:07,0.0
2026-09-21,omicron-Geminids,sorge,21:40,0.0
2026-09-21,Northern iota-Aquariids [variante 1973-mm λ148],tramonta,05:10,0.0
2026-09-21,Northern iota-Aquariids [variante 1973-mm λ148],passaggio inferiore,10:57,0.0
2026-09-21,Northern iota-Aquariids [variante 1973-mm λ148],sorge,16:44,6.3
2026-09-21,Northern iota-Aquariids [variante 1973-mm λ148],culmina,22:55,0.0
2026-09-21,Orionids,culmina,03:56,0.0
2026-09-21,Orionids,tramonta,10:58,0.0
2026-09-21,Orionids,passaggio inferiore,15:54,0.0
2026-09-21,Orionids,sorge,20:49,5.2
2026-09-21,Northern delta-Aquariids,culmina,00:19,0.0
2026-09-21,Northern delta-Aquariids,tramonta,07:23,0.0
2026-09-21,Northern delta-Aquariids,passaggio inferiore,12:17,0.0
2026-09-21,Northern delta-Aquariids,sorge,17:10,0.0
2026-09-21,kappa-Cygnids,passaggio inferiore,07:40,0.0
2026-09-21,kappa-Cygnids,culmina,19:38,0.0
2026-09-21,Perseids,culmina,06:00,0.0
2026-09-21,Perseids,passaggio inferiore,17:58,0.0
2026-09-21,eta-Eridanids,culmina,04:23,0.0
2026-09-21,eta-Eridanids,tramonta,10:17,0.0
2026-09-21,eta-Eridanids,passaggio inferiore,16:21,0.0
2026-09-21,eta-Eridanids,sorge,22:24,0.0
2026-09-21,chi-Taurids,culmina,00:48,5.6
2026-09-21,chi-Taurids,tramonta,08:24,0.0
2026-09-21,chi-Taurids,passaggio inferiore,12:46,0.0
2026-09-21,chi-Taurids,sorge,17:07,0.0
2026-09-21,Northern Taurids,culmina,00:12,0.0
2026-09-21,Northern Taurids,tramonta,07:04,0.0
2026-09-21,Northern Taurids,passaggio inferiore,12:10,0.0
2026-09-21,Northern Taurids,sorge,17:16,0.0
2026-09-21,omicron-Eridanids,culmina,01:00,0.0
2026-09-21,omicron-Eridanids,tramonta,07:12,0.0
2026-09-21,omicron-Eridanids,passaggio inferiore,12:58,0.0
2026-09-21,omicron-Eridanids,sorge,18:45,0.0
2026-09-21,sigma-Hydrids,culmina,03:21,0.0
2026-09-21,sigma-Hydrids,tramonta,11:08,0.0
2026-09-21,sigma-Hydrids,passaggio inferiore,15:19,0.0
2026-09-21,sigma-Hydrids,sorge,19:29,0.0
2026-09-22,Daytime kappa-Leonids,sorge,02:34,0.0
2026-09-22,Daytime kappa-Leonids,culmina,09:43,0.0
2026-09-22,Daytime kappa-Leonids,tramonta,16:52,0.0
2026-09-22,Daytime kappa-Leonids,passaggio inferiore,21:41,0.0
2026-09-22,Northern iota-Aquariids,tramonta,06:24,0.0
2026-09-22,Northern iota-Aquariids,passaggio inferiore,11:46,0.0
2026-09-22,Northern iota-Aquariids,sorge,17:08,0.0
2026-09-22,Northern iota-Aquariids,culmina,23:44,0.0
2026-09-22,chi-Cygnids,tramonta,04:57,0.0
2026-09-22,chi-Cygnids,passaggio inferiore,06:54,0.0
2026-09-22,chi-Cygnids,sorge,08:51,0.0
2026-09-22,chi-Cygnids,culmina,18:52,0.0
2026-09-22,Daytime Sextantids,sorge,02:53,0.0
2026-09-22,Daytime Sextantids,culmina,09:01,0.0
2026-09-22,Daytime Sextantids,tramonta,15:10,0.0
2026-09-22,Daytime Sextantids,passaggio inferiore,21:00,0.0
2026-09-22,September epsilon-Perseids,culmina,03:12,0.0
2026-09-22,September epsilon-Perseids,tramonta,13:13,0.0
2026-09-22,September epsilon-Perseids,passaggio inferiore,15:10,0.0
2026-09-22,September epsilon-Perseids,sorge,17:07,0.0
2026-09-22,nu-Eridanids,culmina,04:11,0.0
2026-09-22,nu-Eridanids,tramonta,10:32,0.0
2026-09-22,nu-Eridanids,passaggio inferiore,16:09,0.0
2026-09-22,nu-Eridanids,sorge,21:47,0.0
2026-09-22,October Camelopardalids,culmina,10:02,0.0
2026-09-22,October Camelopardalids,passaggio inferiore,22:00,6.2
2026-09-22,Northern delta-Piscids,culmina,00:00,0.0
2026-09-22,Northern delta-Piscids,tramonta,06:56,0.0
2026-09-22,Northern delta-Piscids,passaggio inferiore,12:02,0.0
2026-09-22,Northern delta-Piscids,sorge,17:09,0.0
2026-09-22,pi6-Orionids,culmina,04:43,0.0
2026-09-22,pi6-Orionids,tramonta,10:48,0.0
2026-09-22,pi6-Orionids,passaggio inferiore,16:41,0.0
2026-09-22,pi6-Orionids,sorge,22:34,8.9
2026-09-22,Aurigids,culmina,06:44,0.0
2026-09-22,Aurigids,tramonta,16:33,0.0
2026-09-22,Aurigids,passaggio inferiore,18:42,0.0
2026-09-22,Aurigids,sorge,20:50,0.0
2026-09-22,xi-Draconids,culmina,07:17,0.0
2026-09-22,xi-Draconids,passaggio inferiore,19:15,0.0
2026-09-22,epsilon-Geminids,culmina,04:30,0.0
2026-09-22,epsilon-Geminids,tramonta,12:58,0.0
2026-09-22,epsilon-Geminids,passaggio inferiore,16:28,0.0
2026-09-22,epsilon-Geminids,sorge,19:58,0.0
2026-09-22,tau-Cancrids,culmina,06:32,0.0
2026-09-22,tau-Cancrids,tramonta,14:57,0.0
2026-09-22,tau-Cancrids,passaggio inferiore,18:31,0.0
2026-09-22,tau-Cancrids,sorge,22:04,6.2
2026-09-22,Southern Taurids,culmina,00:23,0.0
2026-09-22,Southern Taurids,tramonta,06:48,0.0
2026-09-22,Southern Taurids,passaggio inferiore,12:21,0.0
2026-09-22,Southern Taurids,sorge,17:54,0.0
2026-09-22,omicron-Geminids,culmina,08:10,0.0
2026-09-22,omicron-Geminids,tramonta,18:34,0.0
2026-09-22,omicron-Geminids,passaggio inferiore,20:08,4.6
2026-09-22,omicron-Geminids,sorge,21:42,0.0
2026-09-22,Orionids,culmina,03:55,0.0
2026-09-22,Orionids,tramonta,10:57,0.0
2026-09-22,Orionids,passaggio inferiore,15:53,0.0
2026-09-22,Orionids,sorge,20:48,0.0
2026-09-22,Northern iota-Aquariids [variante 1973-mm λ148],tramonta,05:11,0.0
2026-09-22,Northern iota-Aquariids [variante 1973-mm λ148],passaggio inferiore,10:57,0.0
2026-09-22,Northern iota-Aquariids [variante 1973-mm λ148],sorge,16:43,0.0
2026-09-22,Northern iota-Aquariids [variante 1973-mm λ148],culmina,22:55,5.7
2026-09-22,Northern delta-Aquariids,culmina,00:18,0.0
2026-09-22,Northern delta-Aquariids,tramonta,07:24,0.0
2026-09-22,Northern delta-Aquariids,passaggio inferiore,12:16,0.0
2026-09-22,Northern delta-Aquariids,sorge,17:08,0.0
2026-09-22,kappa-Cygnids,passaggio inferiore,07:38,0.0
2026-09-22,kappa-Cygnids,culmina,19:36,0.0
2026-09-22,Perseids,culmina,06:02,0.0
2026-09-22,Perseids,passaggio inferiore,18:00,0.0
2026-09-22,chi-Taurids,culmina,00:44,0.0
2026-09-22,chi-Taurids,tramonta,08:21,0.0
2026-09-22,chi-Taurids,passaggio inferiore,12:42,0.0
2026-09-22,chi-Taurids,sorge,17:03,0.0
2026-09-22,eta-Eridanids,culmina,04:22,0.0
2026-09-22,eta-Eridanids,tramonta,10:17,0.0
2026-09-22,eta-Eridanids,passaggio inferiore,16:20,0.0
2026-09-22,eta-Eridanids,sorge,22:22,6.0
2026-09-22,Northern Taurids,culmina,00:11,0.0
2026-09-22,Northern Taurids,tramonta,07:04,0.0
2026-09-22,Northern Taurids,passaggio inferiore,12:09,0.0
2026-09-22,Northern Taurids,sorge,17:15,0.0
2026-09-22,omicron-Eridanids,culmina,00:56,4.3
2026-09-22,omicron-Eridanids,tramonta,07:08,0.0
2026-09-22,omicron-Eridanids,passaggio inferiore,12:54,0.0
2026-09-22,omicron-Eridanids,sorge,18:41,0.0
2026-09-22,sigma-Hydrids,culmina,03:17,0.0
2026-09-22,sigma-Hydrids,tramonta,11:04,0.0
2026-09-22,sigma-Hydrids,passaggio inferiore,15:15,0.0
2026-09-22,sigma-Hydrids,sorge,19:25,0.0
2026-09-23,Daytime kappa-Leonids,sorge,02:34,4.3
2026-09-23,Daytime kappa-Leonids,culmina,09:41,0.0
2026-09-23,Daytime kappa-Leonids,tramonta,16:49,0.0
2026-09-23,Daytime kappa-Leonids,passaggio inferiore,21:40,4.2
2026-09-23,Northern iota-Aquariids,tramonta,06:24,0.0
2026-09-23,Northern iota-Aquariids,passaggio inferiore,11:45,0.0
2026-09-23,Northern iota-Aquariids,sorge,17:06,0.0
2026-09-23,Northern iota-Aquariids,culmina,23:43,0.0
2026-09-23,Daytime Sextantids,sorge,02:54,4.1
2026-09-23,Daytime Sextantids,culmina,09:00,0.0
2026-09-23,Daytime Sextantids,tramonta,15:07,0.0
2026-09-23,Daytime Sextantids,passaggio inferiore,20:58,4.3
2026-09-23,chi-Cygnids,tramonta,05:08,0.0
2026-09-23,chi-Cygnids,passaggio inferiore,06:48,0.0
2026-09-23,chi-Cygnids,sorge,08:28,0.0
2026-09-23,chi-Cygnids,culmina,18:46,0.0
2026-09-23,September epsilon-Perseids,culmina,03:13,0.0
2026-09-23,September epsilon-Perseids,tramonta,13:14,0.0
2026-09-23,September epsilon-Perseids,passaggio inferiore,15:11,0.0
2026-09-23,September epsilon-Perseids,sorge,17:07,0.0
2026-09-23,October Camelopardalids,culmina,09:58,0.0
2026-09-23,October Camelopardalids,passaggio inferiore,21:56,0.0
2026-09-23,nu-Eridanids,culmina,04:10,0.0
2026-09-23,nu-Eridanids,tramonta,10:33,0.0
2026-09-23,nu-Eridanids,passaggio inferiore,16:09,11.9
2026-09-23,nu-Eridanids,sorge,21:44,0.0
2026-09-23,Northern delta-Piscids,culmina,23:59,0.0
2026-09-23,Northern delta-Piscids,tramonta,06:57,0.0
2026-09-23,Northern delta-Piscids,passaggio inferiore,12:01,0.0
2026-09-23,Northern delta-Piscids,sorge,17:06,0.0
2026-09-23,pi6-Orionids,culmina,04:43,0.0
2026-09-23,pi6-Orionids,tramonta,10:49,0.0
2026-09-23,pi6-Orionids,passaggio inferiore,16:41,0.0
2026-09-23,pi6-Orionids,sorge,22:33,0.0
2026-09-23,Aurigids,culmina,06:44,0.0
2026-09-23,Aurigids,tramonta,16:34,0.0
2026-09-23,Aurigids,passaggio inferiore,18:42,0.0
2026-09-23,Aurigids,sorge,20:51,4.3
2026-09-23,xi-Draconids,culmina,07:19,0.0
2026-09-23,xi-Draconids,passaggio inferiore,19:17,6.3
2026-09-23,epsilon-Geminids,culmina,04:26,0.0
2026-09-23,epsilon-Geminids,tramonta,12:54,0.0
2026-09-23,epsilon-Geminids,passaggio inferiore,16:24,0.0
2026-09-23,epsilon-Geminids,sorge,19:54,4.6
2026-09-23,tau-Cancrids,culmina,06:32,0.0
2026-09-23,tau-Cancrids,tramonta,14:56,0.0
2026-09-23,tau-Cancrids,passaggio inferiore,18:30,4.4
2026-09-23,tau-Cancrids,sorge,22:04,7.0
2026-09-23,Southern Taurids,culmina,00:22,7.4
2026-09-23,Southern Taurids,tramonta,06:48,0.0
2026-09-23,Southern Taurids,passaggio inferiore,12:20,4.4
2026-09-23,Southern Taurids,sorge,17:52,0.0
2026-09-23,Orionids,culmina,03:54,0.0
2026-09-23,Orionids,tramonta,10:57,0.0
2026-09-23,Orionids,passaggio inferiore,15:52,0.0
2026-09-23,Orionids,sorge,20:47,0.0
2026-09-23,omicron-Geminids,culmina,08:11,0.0
2026-09-23,omicron-Geminids,tramonta,18:34,4.4
2026-09-23,omicron-Geminids,passaggio inferiore,20:09,0.0
2026-09-23,omicron-Geminids,sorge,21:43,0.0
2026-09-23,Northern iota-Aquariids [variante 1973-mm λ148],tramonta,05:13,0.0
2026-09-23,Northern iota-Aquariids [variante 1973-mm λ148],passaggio inferiore,10:57,0.0
2026-09-23,Northern iota-Aquariids [variante 1973-mm λ148],sorge,16:41,0.0
2026-09-23,Northern iota-Aquariids [variante 1973-mm λ148],culmina,22:55,0.0
2026-09-23,Northern delta-Aquariids,culmina,00:17,7.4
2026-09-23,Northern delta-Aquariids,tramonta,07:25,0.0
2026-09-23,Northern delta-Aquariids,passaggio inferiore,12:15,4.4
2026-09-23,Northern delta-Aquariids,sorge,17:05,0.0
2026-09-23,kappa-Cygnids,passaggio inferiore,07:37,0.0
2026-09-23,kappa-Cygnids,culmina,19:35,0.0
2026-09-23,Perseids,culmina,06:03,0.0
2026-09-23,Perseids,passaggio inferiore,18:01,0.0
2026-09-23,chi-Taurids,culmina,00:40,0.0
2026-09-23,chi-Taurids,tramonta,08:17,0.0
2026-09-23,chi-Taurids,passaggio inferiore,12:38,5.3
2026-09-23,chi-Taurids,sorge,16:59,0.0
2026-09-23,eta-Eridanids,culmina,04:18,0.0
2026-09-23,eta-Eridanids,tramonta,10:13,0.0
2026-09-23,eta-Eridanids,passaggio inferiore,16:16,11.9
2026-09-23,eta-Eridanids,sorge,22:18,0.0
2026-09-23,Northern Taurids,culmina,00:11,0.0
2026-09-23,Northern Taurids,tramonta,07:05,0.0
2026-09-23,Northern Taurids,passaggio inferiore,12:09,0.0
2026-09-23,Northern Taurids,sorge,17:13,0.0
2026-09-23,omicron-Eridanids,culmina,00:52,0.0
2026-09-23,omicron-Eridanids,tramonta,07:04,0.0
2026-09-23,omicron-Eridanids,passaggio inferiore,12:50,0.0
2026-09-23,omicron-Eridanids,sorge,18:37,4.2
2026-09-23,sigma-Hydrids,culmina,03:13,0.0
2026-09-23,sigma-Hydrids,tramonta,11:00,0.0
2026-09-23,sigma-Hydrids,passaggio inferiore,15:11,0.0
2026-09-23,sigma-Hydrids,sorge,19:21,6.3
2026-09-24,Daytime kappa-Leonids,sorge,02:34,5.7
2026-09-24,Daytime kappa-Leonids,culmina,09:40,6.0
2026-09-24,Daytime kappa-Leonids,tramonta,16:46,0.0
2026-09-24,Daytime kappa-Leonids,passaggio inferiore,21:38,0.0
2026-09-24,Daytime Sextantids,sorge,02:54,0.0
2026-09-24,Daytime Sextantids,culmina,08:59,0.0
2026-09-24,Daytime Sextantids,tramonta,15:04,0.0
2026-09-24,Daytime Sextantids,passaggio inferiore,20:57,0.0
2026-09-24,Northern iota-Aquariids,tramonta,06:24,0.0
2026-09-24,Northern iota-Aquariids,passaggio inferiore,11:44,0.0
2026-09-24,Northern iota-Aquariids,sorge,17:04,0.0
2026-09-24,Northern iota-Aquariids,culmina,23:42,4.4
2026-09-24,chi-Cygnids,tramonta,05:23,0.0
2026-09-24,chi-Cygnids,passaggio inferiore,06:42,0.0
2026-09-24,chi-Cygnids,sorge,08:02,0.0
2026-09-24,chi-Cygnids,culmina,18:40,0.0
2026-09-24,October Camelopardalids,culmina,09:54,5.7
2026-09-24,October Camelopardalids,passaggio inferiore,21:52,0.0
2026-09-24,September epsilon-Perseids,culmina,03:13,0.0
2026-09-24,September epsilon-Perseids,tramonta,13:16,0.0
2026-09-24,September epsilon-Perseids,passaggio inferiore,15:11,0.0
2026-09-24,September epsilon-Perseids,sorge,17:07,0.0
2026-09-24,nu-Eridanids,culmina,04:10,0.0
2026-09-24,nu-Eridanids,tramonta,10:34,4.9
2026-09-24,nu-Eridanids,passaggio inferiore,16:08,0.0
2026-09-24,nu-Eridanids,sorge,21:42,0.0
2026-09-24,Northern delta-Piscids,culmina,23:59,0.0
2026-09-24,Northern delta-Piscids,tramonta,06:58,0.0
2026-09-24,Northern delta-Piscids,passaggio inferiore,12:01,4.2
2026-09-24,Northern delta-Piscids,sorge,17:03,0.0
2026-09-24,pi6-Orionids,culmina,04:42,0.0
2026-09-24,pi6-Orionids,tramonta,10:49,4.4
2026-09-24,pi6-Orionids,passaggio inferiore,16:40,0.0
2026-09-24,pi6-Orionids,sorge,22:32,0.0
2026-09-24,Aurigids,culmina,06:45,0.0
2026-09-24,Aurigids,tramonta,16:34,0.0
2026-09-24,Aurigids,passaggio inferiore,18:43,0.0
2026-09-24,Aurigids,sorge,20:52,0.0
2026-09-24,xi-Draconids,culmina,07:21,4.9
2026-09-24,xi-Draconids,passaggio inferiore,19:19,0.0
2026-09-24,epsilon-Geminids,culmina,04:22,0.0
2026-09-24,epsilon-Geminids,tramonta,12:50,0.0
2026-09-24,epsilon-Geminids,passaggio inferiore,16:20,0.0
2026-09-24,epsilon-Geminids,sorge,19:50,0.0
2026-09-24,tau-Cancrids,culmina,06:32,0.0
2026-09-24,tau-Cancrids,tramonta,14:56,0.0
2026-09-24,tau-Cancrids,passaggio inferiore,18:30,0.0
2026-09-24,tau-Cancrids,sorge,22:03,0.0
2026-09-24,Southern Taurids,culmina,00:21,0.0
2026-09-24,Southern Taurids,tramonta,06:47,0.0
2026-09-24,Southern Taurids,passaggio inferiore,12:19,4.0
2026-09-24,Southern Taurids,sorge,17:50,0.0
2026-09-24,Orionids,culmina,03:53,0.0
2026-09-24,Orionids,tramonta,10:56,4.4
2026-09-24,Orionids,passaggio inferiore,15:51,6.0
2026-09-24,Orionids,sorge,20:46,0.0
2026-09-24,omicron-Geminids,culmina,08:12,0.0
2026-09-24,omicron-Geminids,tramonta,18:34,0.0
2026-09-24,omicron-Geminids,passaggio inferiore,20:10,0.0
2026-09-24,omicron-Geminids,sorge,21:45,0.0
2026-09-24,Northern iota-Aquariids [variante 1973-mm λ148],tramonta,05:14,0.0
2026-09-24,Northern iota-Aquariids [variante 1973-mm λ148],passaggio inferiore,10:57,4.4
2026-09-24,Northern iota-Aquariids [variante 1973-mm λ148],sorge,16:40,0.0
2026-09-24,Northern iota-Aquariids [variante 1973-mm λ148],culmina,22:55,0.0
2026-09-24,Northern delta-Aquariids,culmina,00:16,0.0
2026-09-24,Northern delta-Aquariids,tramonta,07:26,0.0
2026-09-24,Northern delta-Aquariids,passaggio inferiore,12:14,0.0
2026-09-24,Northern delta-Aquariids,sorge,17:03,0.0
2026-09-24,kappa-Cygnids,passaggio inferiore,07:35,4.2
2026-09-24,kappa-Cygnids,culmina,19:33,0.0
2026-09-24,chi-Taurids,culmina,00:36,5.3
2026-09-24,chi-Taurids,tramonta,08:13,0.0
2026-09-24,chi-Taurids,passaggio inferiore,12:34,4.1
2026-09-24,chi-Taurids,sorge,16:56,0.0
2026-09-24,Perseids,culmina,05:59,0.0
2026-09-24,Perseids,passaggio inferiore,17:57,0.0
2026-09-24,Northern Taurids,culmina,00:10,0.0
2026-09-24,Northern Taurids,tramonta,07:05,0.0
2026-09-24,Northern Taurids,passaggio inferiore,12:08,0.0
2026-09-24,Northern Taurids,sorge,17:11,0.0
2026-09-24,eta-Eridanids,culmina,04:14,0.0
2026-09-24,eta-Eridanids,tramonta,10:09,0.0
2026-09-24,eta-Eridanids,passaggio inferiore,16:12,0.0
2026-09-24,eta-Eridanids,sorge,22:14,0.0
2026-09-24,omicron-Eridanids,culmina,00:49,4.0
2026-09-24,omicron-Eridanids,tramonta,07:00,0.0
2026-09-24,omicron-Eridanids,passaggio inferiore,12:47,0.0
2026-09-24,omicron-Eridanids,sorge,18:33,0.0
2026-09-24,sigma-Hydrids,culmina,03:09,0.0
2026-09-24,sigma-Hydrids,tramonta,10:57,4.4
2026-09-24,sigma-Hydrids,passaggio inferiore,15:07,0.0
2026-09-24,sigma-Hydrids,sorge,19:17,0.0
2026-09-25,Daytime kappa-Leonids,sorge,02:34,0.0
2026-09-25,Daytime kappa-Leonids,culmina,09:38,5.9
2026-09-25,Daytime kappa-Leonids,tramonta,16:43,0.0
2026-09-25,Daytime kappa-Leonids,passaggio inferiore,21:37,0.0
2026-09-25,Daytime Sextantids,sorge,02:55,0.0
2026-09-25,Daytime Sextantids,culmina,08:58,0.0
2026-09-25,Daytime Sextantids,tramonta,15:00,0.0
2026-09-25,Daytime Sextantids,passaggio inferiore,20:56,7.3
2026-09-25,Northern iota-Aquariids,tramonta,06:24,0.0
2026-09-25,Northern iota-Aquariids,passaggio inferiore,11:43,0.0
2026-09-25,Northern iota-Aquariids,sorge,17:01,0.0
2026-09-25,Northern iota-Aquariids,culmina,23:41,4.2
2026-09-25,chi-Cygnids,tramonta,05:47,5.4
2026-09-25,chi-Cygnids,passaggio inferiore,06:37,0.0
2026-09-25,chi-Cygnids,sorge,07:27,0.0
2026-09-25,chi-Cygnids,culmina,18:35,4.1
2026-09-25,October Camelopardalids,culmina,09:50,0.0
2026-09-25,October Camelopardalids,passaggio inferiore,21:48,0.0
2026-09-25,October Draconids,passaggio inferiore,04:14,0.0
2026-09-25,October Draconids,culmina,16:12,0.0
2026-09-25,September epsilon-Perseids,culmina,03:14,0.0
2026-09-25,September epsilon-Perseids,tramonta,13:17,0.0
2026-09-25,September epsilon-Perseids,passaggio inferiore,15:12,0.0
2026-09-25,September epsilon-Perseids,sorge,17:07,0.0
2026-09-25,nu-Eridanids,culmina,04:09,0.0
2026-09-25,nu-Eridanids,tramonta,10:34,4.9
2026-09-25,nu-Eridanids,passaggio inferiore,16:07,0.0
2026-09-25,nu-Eridanids,sorge,21:39,0.0
2026-09-25,Northern delta-Piscids,culmina,23:58,4.0
2026-09-25,Northern delta-Piscids,tramonta,06:58,0.0
2026-09-25,Northern delta-Piscids,passaggio inferiore,12:00,0.0
2026-09-25,Northern delta-Piscids,sorge,17:01,0.0
2026-09-25,pi6-Orionids,culmina,04:42,0.0
2026-09-25,pi6-Orionids,tramonta,10:49,7.2
2026-09-25,pi6-Orionids,passaggio inferiore,16:40,0.0
2026-09-25,pi6-Orionids,sorge,22:31,0.0
2026-09-25,xi-Draconids,culmina,07:22,4.3
2026-09-25,xi-Draconids,passaggio inferiore,19:20,0.0
2026-09-25,epsilon-Geminids,culmina,04:18,0.0
2026-09-25,epsilon-Geminids,tramonta,12:46,0.0
2026-09-25,epsilon-Geminids,passaggio inferiore,16:16,0.0
2026-09-25,epsilon-Geminids,sorge,19:46,0.0
2026-09-25,Aurigids,culmina,06:45,0.0
2026-09-25,Aurigids,tramonta,16:34,0.0
2026-09-25,Aurigids,passaggio inferiore,18:43,0.0
2026-09-25,Aurigids,sorge,20:52,7.3
2026-09-25,tau-Cancrids,culmina,06:31,0.0
2026-09-25,tau-Cancrids,tramonta,14:56,0.0
2026-09-25,tau-Cancrids,passaggio inferiore,18:29,4.1
2026-09-25,tau-Cancrids,sorge,22:03,0.0
2026-09-25,Southern Taurids,culmina,00:20,0.0
2026-09-25,Southern Taurids,tramonta,06:47,0.0
2026-09-25,Southern Taurids,passaggio inferiore,12:18,0.0
2026-09-25,Southern Taurids,sorge,17:49,4.4
2026-09-25,Orionids,culmina,03:52,0.0
2026-09-25,Orionids,tramonta,10:55,7.2
2026-09-25,Orionids,passaggio inferiore,15:50,0.0
2026-09-25,Orionids,sorge,20:45,0.0
2026-09-25,omicron-Geminids,culmina,08:13,4.7
2026-09-25,omicron-Geminids,tramonta,18:34,4.1
2026-09-25,omicron-Geminids,passaggio inferiore,20:11,4.4
2026-09-25,omicron-Geminids,sorge,21:47,0.0
2026-09-25,Northern iota-Aquariids [variante 1973-mm λ148],tramonta,05:15,0.0
2026-09-25,Northern iota-Aquariids [variante 1973-mm λ148],passaggio inferiore,10:57,5.6
2026-09-25,Northern iota-Aquariids [variante 1973-mm λ148],sorge,16:39,0.0
2026-09-25,Northern iota-Aquariids [variante 1973-mm λ148],culmina,22:55,0.0
2026-09-25,Northern delta-Aquariids,culmina,00:15,0.0
2026-09-25,Northern delta-Aquariids,tramonta,07:26,0.0
2026-09-25,Northern delta-Aquariids,passaggio inferiore,12:13,0.0
2026-09-25,Northern delta-Aquariids,sorge,17:00,0.0
2026-09-25,chi-Taurids,culmina,00:36,0.0
2026-09-25,chi-Taurids,tramonta,08:13,4.7
2026-09-25,chi-Taurids,passaggio inferiore,12:34,0.0
2026-09-25,chi-Taurids,sorge,16:55,0.0
2026-09-25,kappa-Cygnids,passaggio inferiore,07:33,0.0
2026-09-25,kappa-Cygnids,culmina,19:31,0.0
2026-09-25,Perseids,culmina,05:55,0.0
2026-09-25,Perseids,passaggio inferiore,17:53,4.4
2026-09-25,Northern Taurids,culmina,00:09,0.0
2026-09-25,Northern Taurids,tramonta,07:05,0.0
2026-09-25,Northern Taurids,passaggio inferiore,12:07,0.0
2026-09-25,Northern Taurids,sorge,17:10,0.0
2026-09-25,omicron-Eridanids,culmina,00:47,0.0
2026-09-25,omicron-Eridanids,tramonta,06:58,0.0
2026-09-25,omicron-Eridanids,passaggio inferiore,12:45,0.0
2026-09-25,omicron-Eridanids,sorge,18:32,4.1
2026-09-25,eta-Eridanids,culmina,04:10,0.0
2026-09-25,eta-Eridanids,tramonta,10:05,0.0
2026-09-25,eta-Eridanids,passaggio inferiore,16:08,0.0
2026-09-25,eta-Eridanids,sorge,22:10,0.0
2026-09-25,sigma-Hydrids,culmina,03:05,0.0
2026-09-25,sigma-Hydrids,tramonta,10:53,7.2
2026-09-25,sigma-Hydrids,passaggio inferiore,15:03,0.0
2026-09-25,sigma-Hydrids,sorge,19:13,0.0
2026-09-26,Daytime kappa-Leonids,sorge,02:34,0.0
2026-09-26,Daytime kappa-Leonids,culmina,09:37,0.0
2026-09-26,Daytime kappa-Leonids,tramonta,16:40,0.0
2026-09-26,Daytime kappa-Leonids,passaggio inferiore,21:35,4.4
2026-09-26,Daytime Sextantids,sorge,02:56,0.0
2026-09-26,Daytime Sextantids,culmina,08:57,0.0
2026-09-26,Daytime Sextantids,tramonta,14:57,0.0
2026-09-26,Daytime Sextantids,passaggio inferiore,20:55,0.0
2026-09-26,Northern iota-Aquariids,tramonta,06:24,0.0
2026-09-26,Northern iota-Aquariids,passaggio inferiore,11:42,0.0
2026-09-26,Northern iota-Aquariids,sorge,16:59,0.0
2026-09-26,Northern iota-Aquariids,culmina,23:40,5.5
2026-09-26,October Camelopardalids,culmina,09:46,0.0
2026-09-26,October Camelopardalids,passaggio inferiore,21:44,4.6
2026-09-26,chi-Cygnids,passaggio inferiore,06:31,0.0
2026-09-26,chi-Cygnids,culmina,18:29,0.0
2026-09-26,October Draconids,passaggio inferiore,04:10,0.0
2026-09-26,October Draconids,culmina,16:08,5.7
2026-09-26,September epsilon-Perseids,culmina,03:15,0.0
2026-09-26,September epsilon-Perseids,tramonta,13:19,0.0
2026-09-26,September epsilon-Perseids,passaggio inferiore,15:13,0.0
2026-09-26,September epsilon-Perseids,sorge,17:07,0.0
2026-09-26,nu-Eridanids,culmina,04:08,0.0
2026-09-26,nu-Eridanids,tramonta,10:35,0.0
2026-09-26,nu-Eridanids,passaggio inferiore,16:06,5.7
2026-09-26,nu-Eridanids,sorge,21:37,4.4
2026-09-26,Northern delta-Piscids,culmina,23:57,0.0
2026-09-26,Northern delta-Piscids,tramonta,06:59,0.0
2026-09-26,Northern delta-Piscids,passaggio inferiore,11:59,4.8
2026-09-26,Northern delta-Piscids,sorge,16:58,0.0
2026-09-26,pi6-Orionids,culmina,04:41,0.0
2026-09-26,pi6-Orionids,tramonta,10:49,0.0
2026-09-26,pi6-Orionids,passaggio inferiore,16:39,0.0
2026-09-26,pi6-Orionids,sorge,22:29,0.0
2026-09-26,xi-Draconids,culmina,07:24,0.0
2026-09-26,xi-Draconids,passaggio inferiore,19:22,0.0
2026-09-26,epsilon-Geminids,culmina,04:18,0.0
2026-09-26,epsilon-Geminids,tramonta,12:45,0.0
2026-09-26,epsilon-Geminids,passaggio inferiore,16:16,0.0
2026-09-26,epsilon-Geminids,sorge,19:46,0.0
2026-09-26,tau-Cancrids,culmina,06:31,0.0
2026-09-26,tau-Cancrids,tramonta,14:55,0.0
2026-09-26,tau-Cancrids,passaggio inferiore,18:29,0.0
2026-09-26,tau-Cancrids,sorge,22:03,0.0
2026-09-26,Southern Taurids,culmina,00:19,0.0
2026-09-26,Southern Taurids,tramonta,06:46,0.0
2026-09-26,Southern Taurids,passaggio inferiore,12:17,0.0
2026-09-26,Southern Taurids,sorge,17:47,0.0
2026-09-26,Aurigids,culmina,06:41,0.0
2026-09-26,Aurigids,tramonta,16:30,0.0
2026-09-26,Aurigids,passaggio inferiore,18:39,4.7
2026-09-26,Aurigids,sorge,20:48,0.0
2026-09-26,Orionids,culmina,03:51,5.4
2026-09-26,Orionids,tramonta,10:54,0.0
2026-09-26,Orionids,passaggio inferiore,15:49,5.9
2026-09-26,Orionids,sorge,20:44,0.0
2026-09-26,omicron-Geminids,culmina,08:13,4.3
2026-09-26,omicron-Geminids,tramonta,18:34,0.0
2026-09-26,omicron-Geminids,passaggio inferiore,20:12,0.0
2026-09-26,omicron-Geminids,sorge,21:49,4.6
2026-09-26,Northern iota-Aquariids [variante 1973-mm λ148],tramonta,05:14,0.0
2026-09-26,Northern iota-Aquariids [variante 1973-mm λ148],passaggio inferiore,10:55,5.9
2026-09-26,Northern iota-Aquariids [variante 1973-mm λ148],sorge,16:37,0.0
2026-09-26,Northern iota-Aquariids [variante 1973-mm λ148],culmina,22:53,4.2
2026-09-26,Northern delta-Aquariids,culmina,00:15,0.0
2026-09-26,Northern delta-Aquariids,tramonta,07:27,0.0
2026-09-26,Northern delta-Aquariids,passaggio inferiore,12:13,0.0
2026-09-26,Northern delta-Aquariids,sorge,16:58,0.0
2026-09-26,chi-Taurids,culmina,00:36,0.0
2026-09-26,chi-Taurids,tramonta,08:14,4.3
2026-09-26,chi-Taurids,passaggio inferiore,12:34,0.0
2026-09-26,chi-Taurids,sorge,16:54,0.0
2026-09-26,kappa-Cygnids,passaggio inferiore,07:32,4.0
2026-09-26,kappa-Cygnids,culmina,19:30,0.0
2026-09-26,Perseids,culmina,05:51,0.0
2026-09-26,Perseids,passaggio inferiore,17:49,0.0
2026-09-26,Northern Taurids,culmina,00:09,0.0
2026-09-26,Northern Taurids,tramonta,07:05,0.0
2026-09-26,Northern Taurids,passaggio inferiore,12:07,4.8
2026-09-26,Northern Taurids,sorge,17:08,0.0
2026-09-26,omicron-Eridanids,culmina,00:45,5.0
2026-09-26,omicron-Eridanids,tramonta,06:56,0.0
2026-09-26,omicron-Eridanids,passaggio inferiore,12:43,0.0
2026-09-26,omicron-Eridanids,sorge,18:31,0.0
2026-09-26,eta-Eridanids,culmina,04:06,0.0
2026-09-26,eta-Eridanids,tramonta,10:01,0.0
2026-09-26,eta-Eridanids,passaggio inferiore,16:04,5.7
2026-09-26,eta-Eridanids,sorge,22:06,0.0
2026-09-26,sigma-Hydrids,culmina,03:01,0.0
2026-09-26,sigma-Hydrids,tramonta,10:49,0.0
2026-09-26,sigma-Hydrids,passaggio inferiore,14:59,0.0
2026-09-26,sigma-Hydrids,sorge,19:09,0.0
2026-09-27,Daytime kappa-Leonids,sorge,02:34,0.0
2026-09-27,Daytime kappa-Leonids,culmina,09:35,4.7
2026-09-27,Daytime kappa-Leonids,tramonta,16:37,0.0
2026-09-27,Daytime kappa-Leonids,passaggio inferiore,21:33,0.0
2026-09-27,Daytime Sextantids,sorge,02:57,0.0
2026-09-27,Daytime Sextantids,culmina,08:55,0.0
2026-09-27,Daytime Sextantids,tramonta,14:54,0.0
2026-09-27,Daytime Sextantids,passaggio inferiore,20:54,0.0
2026-09-27,October Camelopardalids,culmina,09:43,0.0
2026-09-27,October Camelopardalids,passaggio inferiore,21:41,0.0
2026-09-27,Northern iota-Aquariids,tramonta,06:25,0.0
2026-09-27,Northern iota-Aquariids,passaggio inferiore,11:41,0.0
2026-09-27,Northern iota-Aquariids,sorge,16:57,0.0
2026-09-27,Northern iota-Aquariids,culmina,23:39,4.1
2026-09-27,October Draconids,passaggio inferiore,04:06,0.0
2026-09-27,October Draconids,culmina,16:04,0.0
2026-09-27,chi-Cygnids,passaggio inferiore,06:25,0.0
2026-09-27,chi-Cygnids,culmina,18:23,0.0
2026-09-27,September epsilon-Perseids,culmina,03:15,0.0
2026-09-27,September epsilon-Perseids,tramonta,13:20,0.0
2026-09-27,September epsilon-Perseids,passaggio inferiore,15:13,0.0
2026-09-27,September epsilon-Perseids,sorge,17:07,0.0
2026-09-27,nu-Eridanids,culmina,04:07,0.0
2026-09-27,nu-Eridanids,tramonta,10:36,6.4
2026-09-27,nu-Eridanids,passaggio inferiore,16:05,0.0
2026-09-27,nu-Eridanids,sorge,21:35,0.0
2026-09-27,xi-Draconids,culmina,07:26,0.0
2026-09-27,xi-Draconids,passaggio inferiore,19:24,0.0
2026-09-27,epsilon-Geminids,culmina,04:17,0.0
2026-09-27,epsilon-Geminids,tramonta,12:44,0.0
2026-09-27,epsilon-Geminids,passaggio inferiore,16:15,0.0
2026-09-27,epsilon-Geminids,sorge,19:47,0.0
2026-09-27,Northern delta-Piscids,tramonta,07:00,4.1
2026-09-27,Northern delta-Piscids,passaggio inferiore,11:58,0.0
2026-09-27,Northern delta-Piscids,sorge,16:56,0.0
2026-09-27,Northern delta-Piscids,culmina,23:56,0.0
2026-09-27,pi6-Orionids,culmina,04:41,0.0
2026-09-27,pi6-Orionids,tramonta,10:50,0.0
2026-09-27,pi6-Orionids,passaggio inferiore,16:39,0.0
2026-09-27,pi6-Orionids,sorge,22:28,0.0
2026-09-27,tau-Cancrids,culmina,06:30,0.0
2026-09-27,tau-Cancrids,tramonta,14:55,0.0
2026-09-27,tau-Cancrids,passaggio inferiore,18:28,0.0
2026-09-27,tau-Cancrids,sorge,22:02,0.0
2026-09-27,Southern Taurids,culmina,00:18,0.0
2026-09-27,Southern Taurids,tramonta,06:46,5.0
2026-09-27,Southern Taurids,passaggio inferiore,12:16,0.0
2026-09-27,Southern Taurids,sorge,17:45,4.8
2026-09-27,Aurigids,culmina,06:37,0.0
2026-09-27,Aurigids,tramonta,16:26,0.0
2026-09-27,Aurigids,passaggio inferiore,18:35,0.0
2026-09-27,Aurigids,sorge,20:44,0.0
2026-09-27,Orionids,culmina,03:50,0.0
2026-09-27,Orionids,tramonta,10:54,0.0
2026-09-27,Orionids,passaggio inferiore,15:48,0.0
2026-09-27,Orionids,sorge,20:43,0.0
2026-09-27,omicron-Geminids,culmina,08:14,0.0
2026-09-27,omicron-Geminids,tramonta,18:34,0.0
2026-09-27,omicron-Geminids,passaggio inferiore,20:12,0.0
2026-09-27,omicron-Geminids,sorge,21:51,0.0
2026-09-27,Northern iota-Aquariids [variante 1973-mm λ148],tramonta,05:10,0.0
2026-09-27,Northern iota-Aquariids [variante 1973-mm λ148],passaggio inferiore,10:51,0.0
2026-09-27,Northern iota-Aquariids [variante 1973-mm λ148],sorge,16:33,0.0
2026-09-27,Northern iota-Aquariids [variante 1973-mm λ148],culmina,22:49,0.0
2026-09-27,chi-Taurids,culmina,00:36,4.2
2026-09-27,chi-Taurids,tramonta,08:14,0.0
2026-09-27,chi-Taurids,passaggio inferiore,12:34,0.0
2026-09-27,chi-Taurids,sorge,16:53,0.0
2026-09-27,Northern delta-Aquariids,culmina,00:14,0.0
2026-09-27,Northern delta-Aquariids,tramonta,07:28,0.0
2026-09-27,Northern delta-Aquariids,passaggio inferiore,12:12,0.0
2026-09-27,Northern delta-Aquariids,sorge,16:56,0.0
2026-09-27,kappa-Cygnids,passaggio inferiore,07:30,0.0
2026-09-27,kappa-Cygnids,culmina,19:28,0.0
2026-09-27,Northern Taurids,culmina,00:08,6.2
2026-09-27,Northern Taurids,tramonta,07:05,4.1
2026-09-27,Northern Taurids,passaggio inferiore,12:06,0.0
2026-09-27,Northern Taurids,sorge,17:07,0.0
2026-09-27,Perseids,culmina,05:47,0.0
2026-09-27,Perseids,passaggio inferiore,17:45,4.8
2026-09-27,omicron-Eridanids,culmina,00:44,4.2
2026-09-27,omicron-Eridanids,tramonta,06:54,5.0
2026-09-27,omicron-Eridanids,passaggio inferiore,12:42,0.0
2026-09-27,omicron-Eridanids,sorge,18:30,0.0
2026-09-27,sigma-Hydrids,culmina,03:00,0.0
2026-09-27,sigma-Hydrids,tramonta,10:47,0.0
2026-09-27,sigma-Hydrids,passaggio inferiore,14:58,0.0
2026-09-27,sigma-Hydrids,sorge,19:10,0.0
2026-09-28,Daytime Sextantids,sorge,02:58,0.0
2026-09-28,Daytime Sextantids,culmina,08:54,0.0
2026-09-28,Daytime Sextantids,tramonta,14:51,6.9
2026-09-28,Daytime Sextantids,passaggio inferiore,20:52,5.8
2026-09-28,Daytime kappa-Leonids,sorge,02:34,0.0
2026-09-28,Daytime kappa-Leonids,culmina,09:34,0.0
2026-09-28,Daytime kappa-Leonids,tramonta,16:34,0.0
2026-09-28,Daytime kappa-Leonids,passaggio inferiore,21:32,0.0
2026-09-28,October Camelopardalids,culmina,09:41,0.0
2026-09-28,October Camelopardalids,passaggio inferiore,21:39,0.0
2026-09-28,Northern iota-Aquariids,tramonta,06:25,0.0
2026-09-28,Northern iota-Aquariids,passaggio inferiore,11:40,0.0
2026-09-28,Northern iota-Aquariids,sorge,16:54,0.0
2026-09-28,Northern iota-Aquariids,culmina,23:38,4.0
2026-09-28,October Draconids,passaggio inferiore,04:02,0.0
2026-09-28,October Draconids,culmina,16:00,0.0
2026-09-28,chi-Cygnids,passaggio inferiore,06:20,0.0
2026-09-28,chi-Cygnids,culmina,18:18,0.0
2026-09-28,September epsilon-Perseids,culmina,03:16,5.1
2026-09-28,September epsilon-Perseids,tramonta,13:21,0.0
2026-09-28,September epsilon-Perseids,passaggio inferiore,15:14,0.0
2026-09-28,September epsilon-Perseids,sorge,17:07,0.0
2026-09-28,October Ursae Majorids,culmina,06:49,0.0
2026-09-28,October Ursae Majorids,passaggio inferiore,18:47,0.0
2026-09-28,nu-Eridanids,culmina,04:06,5.0
2026-09-28,nu-Eridanids,tramonta,10:36,0.0
2026-09-28,nu-Eridanids,passaggio inferiore,16:04,0.0
2026-09-28,nu-Eridanids,sorge,21:32,0.0
2026-09-28,xi-Draconids,culmina,07:28,0.0
2026-09-28,xi-Draconids,passaggio inferiore,19:26,0.0
2026-09-28,epsilon-Geminids,culmina,04:16,0.0
2026-09-28,epsilon-Geminids,tramonta,12:42,4.4
2026-09-28,epsilon-Geminids,passaggio inferiore,16:14,0.0
2026-09-28,epsilon-Geminids,sorge,19:47,0.0
2026-09-28,tau-Cancrids,culmina,06:30,0.0
2026-09-28,tau-Cancrids,tramonta,14:54,6.9
2026-09-28,tau-Cancrids,passaggio inferiore,18:28,0.0
2026-09-28,tau-Cancrids,sorge,22:02,0.0
2026-09-28,Southern Taurids,culmina,00:17,0.0
2026-09-28,Southern Taurids,tramonta,06:46,0.0
2026-09-28,Southern Taurids,passaggio inferiore,12:15,0.0
2026-09-28,Southern Taurids,sorge,17:44,6.2
2026-09-28,Northern delta-Piscids,tramonta,07:01,0.0
2026-09-28,Northern delta-Piscids,passaggio inferiore,11:57,0.0
2026-09-28,Northern delta-Piscids,sorge,16:53,0.0
2026-09-28,Northern delta-Piscids,culmina,23:55,0.0
2026-09-28,pi6-Orionids,culmina,04:41,0.0
2026-09-28,pi6-Orionids,tramonta,10:50,0.0
2026-09-28,pi6-Orionids,passaggio inferiore,16:39,0.0
2026-09-28,pi6-Orionids,sorge,22:27,4.6
2026-09-28,Orionids,culmina,03:49,0.0
2026-09-28,Orionids,tramonta,10:53,0.0
2026-09-28,Orionids,passaggio inferiore,15:48,0.0
2026-09-28,Orionids,sorge,20:42,5.8
2026-09-28,Aurigids,culmina,06:33,0.0
2026-09-28,Aurigids,tramonta,16:22,0.0
2026-09-28,Aurigids,passaggio inferiore,18:31,0.0
2026-09-28,Aurigids,sorge,20:40,4.4
2026-09-28,omicron-Geminids,culmina,08:13,0.0
2026-09-28,omicron-Geminids,tramonta,18:32,0.0
2026-09-28,omicron-Geminids,passaggio inferiore,20:11,0.0
2026-09-28,omicron-Geminids,sorge,21:51,0.0
2026-09-28,chi-Taurids,culmina,00:35,4.0
2026-09-28,chi-Taurids,tramonta,08:14,0.0
2026-09-28,chi-Taurids,passaggio inferiore,12:34,4.4
2026-09-28,chi-Taurids,sorge,16:53,0.0
2026-09-28,Northern iota-Aquariids [variante 1973-mm λ148],tramonta,05:06,0.0
2026-09-28,Northern iota-Aquariids [variante 1973-mm λ148],passaggio inferiore,10:47,0.0
2026-09-28,Northern iota-Aquariids [variante 1973-mm λ148],sorge,16:29,0.0
2026-09-28,Northern iota-Aquariids [variante 1973-mm λ148],culmina,22:45,4.1
2026-09-28,Northern delta-Aquariids,culmina,00:13,0.0
2026-09-28,Northern delta-Aquariids,tramonta,07:29,0.0
2026-09-28,Northern delta-Aquariids,passaggio inferiore,12:11,0.0
2026-09-28,Northern delta-Aquariids,sorge,16:53,0.0
2026-09-28,Northern Taurids,culmina,00:07,0.0
2026-09-28,Northern Taurids,tramonta,07:06,0.0
2026-09-28,Northern Taurids,passaggio inferiore,12:05,0.0
2026-09-28,Northern Taurids,sorge,17:05,0.0
2026-09-28,omicron-Eridanids,culmina,00:42,0.0
2026-09-28,omicron-Eridanids,tramonta,06:52,0.0
2026-09-28,omicron-Eridanids,passaggio inferiore,12:40,4.4
2026-09-28,omicron-Eridanids,sorge,18:29,0.0
2026-09-28,kappa-Cygnids,passaggio inferiore,07:29,0.0
2026-09-28,kappa-Cygnids,culmina,19:27,0.0
2026-09-28,sigma-Hydrids,culmina,03:00,0.0
2026-09-28,sigma-Hydrids,tramonta,10:44,0.0
2026-09-28,sigma-Hydrids,passaggio inferiore,14:58,5.1
2026-09-28,sigma-Hydrids,sorge,19:11,0.0
2026-09-29,Daytime Sextantids,sorge,02:59,0.0
2026-09-29,Daytime Sextantids,culmina,08:53,0.0
2026-09-29,Daytime Sextantids,tramonta,14:47,0.0
2026-09-29,Daytime Sextantids,passaggio inferiore,20:51,0.0
2026-09-29,Daytime kappa-Leonids,sorge,02:33,0.0
2026-09-29,Daytime kappa-Leonids,culmina,09:32,0.0
2026-09-29,Daytime kappa-Leonids,tramonta,16:31,0.0
2026-09-29,Daytime kappa-Leonids,passaggio inferiore,21:30,0.0
2026-09-29,October Camelopardalids,culmina,09:39,0.0
2026-09-29,October Camelopardalids,passaggio inferiore,21:37,0.0
2026-09-29,October Draconids,passaggio inferiore,03:58,0.0
2026-09-29,October Draconids,culmina,15:56,0.0
2026-09-29,Northern iota-Aquariids,tramonta,06:25,0.0
2026-09-29,Northern iota-Aquariids,passaggio inferiore,11:39,0.0
2026-09-29,Northern iota-Aquariids,sorge,16:52,0.0
2026-09-29,Northern iota-Aquariids,culmina,23:37,0.0
2026-09-29,chi-Cygnids,passaggio inferiore,06:14,0.0
2026-09-29,chi-Cygnids,culmina,18:12,0.0
2026-09-29,October Ursae Majorids,culmina,06:45,0.0
2026-09-29,October Ursae Majorids,passaggio inferiore,18:43,0.0
2026-09-29,September epsilon-Perseids,culmina,03:17,0.0
2026-09-29,September epsilon-Perseids,tramonta,13:23,0.0
2026-09-29,September epsilon-Perseids,passaggio inferiore,15:15,0.0
2026-09-29,September epsilon-Perseids,sorge,17:07,0.0
2026-09-29,xi-Draconids,culmina,07:30,0.0
2026-09-29,xi-Draconids,passaggio inferiore,19:28,10.0
2026-09-29,nu-Eridanids,culmina,04:05,0.0
2026-09-29,nu-Eridanids,tramonta,10:37,0.0
2026-09-29,nu-Eridanids,passaggio inferiore,16:03,0.0
2026-09-29,nu-Eridanids,sorge,21:30,0.0
2026-09-29,epsilon-Geminids,culmina,04:16,0.0
2026-09-29,epsilon-Geminids,tramonta,12:41,0.0
2026-09-29,epsilon-Geminids,passaggio inferiore,16:14,0.0
2026-09-29,epsilon-Geminids,sorge,19:47,0.0
2026-09-29,tau-Cancrids,culmina,06:30,0.0
2026-09-29,tau-Cancrids,tramonta,14:54,0.0
2026-09-29,tau-Cancrids,passaggio inferiore,18:28,0.0
2026-09-29,tau-Cancrids,sorge,22:01,0.0
2026-09-29,Southern Taurids,culmina,00:16,0.0
2026-09-29,Southern Taurids,tramonta,06:45,0.0
2026-09-29,Southern Taurids,passaggio inferiore,12:14,0.0
2026-09-29,Southern Taurids,sorge,17:42,0.0
2026-09-29,Orionids,culmina,03:49,0.0
2026-09-29,Orionids,tramonta,10:52,4.7
2026-09-29,Orionids,passaggio inferiore,15:47,0.0
2026-09-29,Orionids,sorge,20:41,0.0
2026-09-29,Northern delta-Piscids,tramonta,07:02,0.0
2026-09-29,Northern delta-Piscids,passaggio inferiore,11:56,0.0
2026-09-29,Northern delta-Piscids,sorge,16:51,0.0
2026-09-29,Northern delta-Piscids,culmina,23:54,0.0
2026-09-29,pi6-Orionids,culmina,04:40,0.0
2026-09-29,pi6-Orionids,tramonta,10:50,5.2
2026-09-29,pi6-Orionids,passaggio inferiore,16:38,0.0
2026-09-29,pi6-Orionids,sorge,22:26,6.1
2026-09-29,Aurigids,culmina,06:29,0.0
2026-09-29,Aurigids,tramonta,16:18,0.0
2026-09-29,Aurigids,passaggio inferiore,18:27,0.0
2026-09-29,Aurigids,sorge,20:36,0.0
2026-09-29,chi-Taurids,culmina,00:35,0.0
2026-09-29,chi-Taurids,tramonta,08:15,4.6
2026-09-29,chi-Taurids,passaggio inferiore,12:33,0.0
2026-09-29,chi-Taurids,sorge,16:52,0.0
2026-09-29,omicron-Geminids,culmina,08:09,4.6
2026-09-29,omicron-Geminids,tramonta,18:28,0.0
2026-09-29,omicron-Geminids,passaggio inferiore,20:08,0.0
2026-09-29,omicron-Geminids,sorge,21:47,4.5
2026-09-29,Northern iota-Aquariids [variante 1973-mm λ148],tramonta,05:02,0.0
2026-09-29,Northern iota-Aquariids [variante 1973-mm λ148],passaggio inferiore,10:43,5.2
2026-09-29,Northern iota-Aquariids [variante 1973-mm λ148],sorge,16:25,0.0
2026-09-29,Northern iota-Aquariids [variante 1973-mm λ148],culmina,22:42,13.8
2026-09-29,Northern delta-Aquariids,culmina,00:09,0.0
2026-09-29,Northern delta-Aquariids,tramonta,07:25,0.0
2026-09-29,Northern delta-Aquariids,passaggio inferiore,12:07,0.0
2026-09-29,Northern delta-Aquariids,sorge,16:49,0.0
2026-09-29,Northern Taurids,culmina,00:07,0.0
2026-09-29,Northern Taurids,tramonta,07:06,0.0
2026-09-29,Northern Taurids,passaggio inferiore,12:05,0.0
2026-09-29,Northern Taurids,sorge,17:03,0.0
2026-09-29,omicron-Eridanids,culmina,00:41,0.0
2026-09-29,omicron-Eridanids,tramonta,06:50,0.0
2026-09-29,omicron-Eridanids,passaggio inferiore,12:39,0.0
2026-09-29,omicron-Eridanids,sorge,18:28,0.0
2026-09-29,kappa-Cygnids,passaggio inferiore,07:27,0.0
2026-09-29,kappa-Cygnids,culmina,19:25,10.0
2026-09-29,sigma-Hydrids,culmina,02:59,0.0
2026-09-29,sigma-Hydrids,tramonta,10:42,5.2
2026-09-29,sigma-Hydrids,passaggio inferiore,14:57,0.0
2026-09-29,sigma-Hydrids,sorge,19:12,0.0
2026-09-30,Daytime Sextantids,sorge,03:00,0.0
2026-09-30,Daytime Sextantids,culmina,08:52,0.0
2026-09-30,Daytime Sextantids,tramonta,14:44,0.0
2026-09-30,Daytime Sextantids,passaggio inferiore,20:50,0.0
2026-09-30,Daytime kappa-Leonids,sorge,02:33,0.0
2026-09-30,Daytime kappa-Leonids,culmina,09:31,4.4
2026-09-30,Daytime kappa-Leonids,tramonta,16:29,0.0
2026-09-30,Daytime kappa-Leonids,passaggio inferiore,21:29,0.0
2026-09-30,October Camelopardalids,culmina,09:37,0.0
2026-09-30,October Camelopardalids,passaggio inferiore,21:35,0.0
2026-09-30,October Draconids,passaggio inferiore,03:55,0.0
2026-09-30,October Draconids,culmina,15:53,0.0
2026-09-30,Northern iota-Aquariids,tramonta,06:25,0.0
2026-09-30,Northern iota-Aquariids,passaggio inferiore,11:38,0.0
2026-09-30,Northern iota-Aquariids,sorge,16:50,0.0
2026-09-30,Northern iota-Aquariids,culmina,23:36,7.8
2026-09-30,chi-Cygnids,passaggio inferiore,06:08,0.0
2026-09-30,chi-Cygnids,culmina,18:06,13.9
2026-09-30,October Ursae Majorids,culmina,06:41,0.0
2026-09-30,October Ursae Majorids,passaggio inferiore,18:39,0.0
2026-09-30,xi-Draconids,culmina,07:32,0.0
2026-09-30,xi-Draconids,passaggio inferiore,19:30,0.0
2026-09-30,epsilon-Geminids,culmina,04:15,0.0
2026-09-30,epsilon-Geminids,tramonta,12:40,0.0
2026-09-30,epsilon-Geminids,passaggio inferiore,16:13,0.0
2026-09-30,epsilon-Geminids,sorge,19:47,0.0
2026-09-30,September epsilon-Perseids,culmina,03:17,0.0
2026-09-30,September epsilon-Perseids,tramonta,13:24,0.0
2026-09-30,September epsilon-Perseids,passaggio inferiore,15:15,0.0
2026-09-30,September epsilon-Perseids,sorge,17:07,0.0
2026-09-30,tau-Cancrids,culmina,06:29,0.0
2026-09-30,tau-Cancrids,tramonta,14:54,0.0
2026-09-30,tau-Cancrids,passaggio inferiore,18:27,0.0
2026-09-30,tau-Cancrids,sorge,22:01,19.4
2026-09-30,Southern Taurids,culmina,00:15,5.3
2026-09-30,Southern Taurids,tramonta,06:45,0.0
2026-09-30,Southern Taurids,passaggio inferiore,12:13,0.0
2026-09-30,Southern Taurids,sorge,17:40,0.0
2026-09-30,nu-Eridanids,culmina,04:05,0.0
2026-09-30,nu-Eridanids,tramonta,10:38,0.0
2026-09-30,nu-Eridanids,passaggio inferiore,16:03,0.0
2026-09-30,nu-Eridanids,sorge,21:28,0.0
2026-09-30,Orionids,culmina,03:48,6.9
2026-09-30,Orionids,tramonta,10:51,0.0
2026-09-30,Orionids,passaggio inferiore,15:46,0.0
2026-09-30,Orionids,sorge,20:40,0.0
2026-09-30,Northern delta-Piscids,tramonta,07:03,0.0
2026-09-30,Northern delta-Piscids,passaggio inferiore,11:55,0.0
2026-09-30,Northern delta-Piscids,sorge,16:48,0.0
2026-09-30,Northern delta-Piscids,culmina,23:53,4.7
2026-09-30,pi6-Orionids,culmina,04:40,0.0
2026-09-30,pi6-Orionids,tramonta,10:50,0.0
2026-09-30,pi6-Orionids,passaggio inferiore,16:38,6.1
2026-09-30,pi6-Orionids,sorge,22:25,0.0
2026-09-30,Aurigids,culmina,06:25,0.0
2026-09-30,Aurigids,tramonta,16:14,0.0
2026-09-30,Aurigids,passaggio inferiore,18:23,0.0
2026-09-30,Aurigids,sorge,20:32,5.1
2026-09-30,chi-Taurids,culmina,00:35,0.0
2026-09-30,chi-Taurids,tramonta,08:15,0.0
2026-09-30,chi-Taurids,passaggio inferiore,12:33,0.0
2026-09-30,chi-Taurids,sorge,16:51,0.0
2026-09-30,omicron-Geminids,culmina,08:06,0.0
2026-09-30,omicron-Geminids,tramonta,18:24,0.0
2026-09-30,omicron-Geminids,passaggio inferiore,20:04,0.0
2026-09-30,omicron-Geminids,sorge,21:43,0.0
2026-09-30,Northern iota-Aquariids [variante 1973-mm λ148],tramonta,04:58,0.0
2026-09-30,Northern iota-Aquariids [variante 1973-mm λ148],passaggio inferiore,10:40,0.0
2026-09-30,Northern iota-Aquariids [variante 1973-mm λ148],sorge,16:21,0.0
2026-09-30,Northern iota-Aquariids [variante 1973-mm λ148],culmina,22:38,0.0
2026-09-30,Northern Taurids,culmina,00:06,5.3
2026-09-30,Northern Taurids,tramonta,07:06,0.0
2026-09-30,Northern Taurids,passaggio inferiore,12:04,0.0
2026-09-30,Northern Taurids,sorge,17:02,0.0
2026-09-30,omicron-Eridanids,culmina,00:39,0.0
2026-09-30,omicron-Eridanids,tramonta,06:48,0.0
2026-09-30,omicron-Eridanids,passaggio inferiore,12:37,0.0
2026-09-30,omicron-Eridanids,sorge,18:26,0.0
2026-09-30,Northern delta-Aquariids,culmina,00:05,5.3
2026-09-30,Northern delta-Aquariids,tramonta,07:21,0.0
2026-09-30,Northern delta-Aquariids,passaggio inferiore,12:03,0.0
2026-09-30,Northern delta-Aquariids,sorge,16:45,6.1
2026-09-30,kappa-Cygnids,passaggio inferiore,07:25,0.0
2026-09-30,kappa-Cygnids,culmina,19:23,0.0
2026-09-30,sigma-Hydrids,culmina,02:59,0.0
2026-09-30,sigma-Hydrids,tramonta,10:40,0.0
2026-09-30,sigma-Hydrids,passaggio inferiore,14:57,0.0
2026-09-30,sigma-Hydrids,sorge,19:13,0.0
2026-10-01,Daytime Sextantids,sorge,03:01,0.0
2026-10-01,Daytime Sextantids,culmina,08:51,0.0
2026-10-01,Daytime Sextantids,tramonta,14:41,0.0
2026-10-01,Daytime Sextantids,passaggio inferiore,20:49,8.2
2026-10-01,October Camelopardalids,culmina,09:35,0.0
2026-10-01,October Camelopardalids,passaggio inferiore,21:33,0.0
2026-10-01,Daytime kappa-Leonids,sorge,02:33,5.2
2026-10-01,Daytime kappa-Leonids,culmina,09:29,0.0
2026-10-01,Daytime kappa-Leonids,tramonta,16:26,0.0
2026-10-01,Daytime kappa-Leonids,passaggio inferiore,21:27,5.2
2026-10-01,October Draconids,passaggio inferiore,03:52,0.0
2026-10-01,October Draconids,culmina,15:50,0.0
2026-10-01,Northern iota-Aquariids,tramonta,06:25,0.0
2026-10-01,Northern iota-Aquariids,passaggio inferiore,11:37,5.3
2026-10-01,Northern iota-Aquariids,sorge,16:48,0.0
2026-10-01,Northern iota-Aquariids,culmina,23:35,0.0
2026-10-01,October Ursae Majorids,culmina,06:37,0.0
2026-10-01,October Ursae Majorids,passaggio inferiore,18:35,0.0
2026-10-01,chi-Cygnids,passaggio inferiore,06:04,0.0
2026-10-01,chi-Cygnids,culmina,18:02,4.5
2026-10-01,xi-Draconids,culmina,07:34,0.0
2026-10-01,xi-Draconids,passaggio inferiore,19:32,0.0
2026-10-01,epsilon-Geminids,culmina,04:15,0.0
2026-10-01,epsilon-Geminids,tramonta,12:38,0.0
2026-10-01,epsilon-Geminids,passaggio inferiore,16:13,0.0
2026-10-01,epsilon-Geminids,sorge,19:47,0.0
2026-10-01,tau-Cancrids,culmina,06:29,0.0
2026-10-01,tau-Cancrids,tramonta,14:53,0.0
2026-10-01,tau-Cancrids,passaggio inferiore,18:27,0.0
2026-10-01,tau-Cancrids,sorge,22:01,0.0
2026-10-01,Southern Taurids,culmina,00:14,5.5
2026-10-01,Southern Taurids,tramonta,06:45,0.0
2026-10-01,Southern Taurids,passaggio inferiore,12:12,0.0
2026-10-01,Southern Taurids,sorge,17:38,0.0
2026-10-01,September epsilon-Perseids,culmina,03:18,0.0
2026-10-01,September epsilon-Perseids,tramonta,13:26,0.0
2026-10-01,September epsilon-Perseids,passaggio inferiore,15:16,0.0
2026-10-01,September epsilon-Perseids,sorge,17:06,9.5
2026-10-01,nu-Eridanids,culmina,04:04,4.1
2026-10-01,nu-Eridanids,tramonta,10:38,0.0
2026-10-01,nu-Eridanids,passaggio inferiore,16:02,0.0
2026-10-01,nu-Eridanids,sorge,21:25,5.2
2026-10-01,Orionids,culmina,03:47,0.0
2026-10-01,Orionids,tramonta,10:51,0.0
2026-10-01,Orionids,passaggio inferiore,15:45,0.0
2026-10-01,Orionids,sorge,20:39,15.7
2026-10-01,Northern delta-Piscids,tramonta,07:04,0.0
2026-10-01,Northern delta-Piscids,passaggio inferiore,11:55,0.0
2026-10-01,Northern delta-Piscids,sorge,16:45,0.0
2026-10-01,Northern delta-Piscids,culmina,23:53,0.0
2026-10-01,pi6-Orionids,culmina,04:39,0.0
2026-10-01,pi6-Orionids,tramonta,10:51,0.0
2026-10-01,pi6-Orionids,passaggio inferiore,16:37,4.3
2026-10-01,pi6-Orionids,sorge,22:24,0.0
2026-10-01,chi-Taurids,culmina,00:35,0.0
2026-10-01,chi-Taurids,tramonta,08:15,0.0
2026-10-01,chi-Taurids,passaggio inferiore,12:33,0.0
2026-10-01,chi-Taurids,sorge,16:51,0.0
2026-10-01,omicron-Geminids,culmina,08:02,0.0
2026-10-01,omicron-Geminids,tramonta,18:20,0.0
2026-10-01,omicron-Geminids,passaggio inferiore,20:00,0.0
2026-10-01,omicron-Geminids,sorge,21:39,0.0
2026-10-01,Northern Taurids,culmina,00:05,9.3
2026-10-01,Northern Taurids,tramonta,07:06,0.0
2026-10-01,Northern Taurids,passaggio inferiore,12:03,0.0
2026-10-01,Northern Taurids,sorge,17:00,6.0
2026-10-01,omicron-Eridanids,culmina,00:37,0.0
2026-10-01,omicron-Eridanids,tramonta,06:46,0.0
2026-10-01,omicron-Eridanids,passaggio inferiore,12:35,0.0
2026-10-01,omicron-Eridanids,sorge,18:25,0.0
2026-10-01,Northern delta-Aquariids,culmina,23:57,0.0
2026-10-01,Northern delta-Aquariids,tramonta,07:17,0.0
2026-10-01,Northern delta-Aquariids,passaggio inferiore,11:59,0.0
2026-10-01,Northern delta-Aquariids,sorge,16:41,4.3
2026-10-01,kappa-Cygnids,passaggio inferiore,07:24,0.0
2026-10-01,kappa-Cygnids,culmina,19:22,0.0
2026-10-01,sigma-Hydrids,culmina,02:58,0.0
2026-10-01,sigma-Hydrids,tramonta,10:38,0.0
2026-10-01,sigma-Hydrids,passaggio inferiore,14:56,0.0
2026-10-01,sigma-Hydrids,sorge,19:14,0.0
2026-10-02,Daytime Sextantids,sorge,03:02,0.0
2026-10-02,Daytime Sextantids,culmina,08:50,0.0
2026-10-02,Daytime Sextantids,tramonta,14:38,4.5
2026-10-02,Daytime Sextantids,passaggio inferiore,20:48,12.1
2026-10-02,October Camelopardalids,culmina,09:33,0.0
2026-10-02,October Camelopardalids,passaggio inferiore,21:31,0.0
2026-10-02,Daytime kappa-Leonids,sorge,02:33,0.0
2026-10-02,Daytime kappa-Leonids,culmina,09:28,0.0
2026-10-02,Daytime kappa-Leonids,tramonta,16:23,5.1
2026-10-02,Daytime kappa-Leonids,passaggio inferiore,21:26,5.2
2026-10-02,October Draconids,passaggio inferiore,03:49,6.5
2026-10-02,October Draconids,culmina,15:47,0.0
2026-10-02,October Ursae Majorids,culmina,06:33,0.0
2026-10-02,October Ursae Majorids,passaggio inferiore,18:31,0.0
2026-10-02,Northern iota-Aquariids,tramonta,06:26,0.0
2026-10-02,Northern iota-Aquariids,passaggio inferiore,11:36,4.1
2026-10-02,Northern iota-Aquariids,sorge,16:45,0.0
2026-10-02,Northern iota-Aquariids,culmina,23:34,0.0
2026-10-02,xi-Draconids,culmina,07:35,0.0
2026-10-02,xi-Draconids,passaggio inferiore,19:33,0.0
2026-10-02,epsilon-Geminids,culmina,04:14,4.1
2026-10-02,epsilon-Geminids,tramonta,12:37,0.0
2026-10-02,epsilon-Geminids,passaggio inferiore,16:12,5.4
2026-10-02,epsilon-Geminids,sorge,19:47,0.0
2026-10-02,chi-Cygnids,passaggio inferiore,06:01,0.0
2026-10-02,chi-Cygnids,culmina,17:59,0.0
2026-10-02,tau-Cancrids,culmina,06:28,0.0
2026-10-02,tau-Cancrids,tramonta,14:53,0.0
2026-10-02,tau-Cancrids,passaggio inferiore,18:26,0.0
2026-10-02,tau-Cancrids,sorge,22:00,0.0
2026-10-02,Southern Taurids,culmina,00:12,0.0
2026-10-02,Southern Taurids,tramonta,06:44,0.0
2026-10-02,Southern Taurids,passaggio inferiore,12:10,0.0
2026-10-02,Southern Taurids,sorge,17:37,0.0
2026-10-02,Orionids,culmina,03:46,6.6
2026-10-02,Orionids,tramonta,10:50,0.0
2026-10-02,Orionids,passaggio inferiore,15:44,0.0
2026-10-02,Orionids,sorge,20:38,5.3
2026-10-02,September epsilon-Perseids,culmina,03:19,4.5
2026-10-02,September epsilon-Perseids,tramonta,13:27,4.1
2026-10-02,September epsilon-Perseids,passaggio inferiore,15:17,0.0
2026-10-02,September epsilon-Perseids,sorge,17:06,0.0
2026-10-02,nu-Eridanids,culmina,04:03,4.8
2026-10-02,nu-Eridanids,tramonta,10:39,0.0
2026-10-02,nu-Eridanids,passaggio inferiore,16:01,4.2
2026-10-02,nu-Eridanids,sorge,21:23,7.6
2026-10-02,Northern delta-Piscids,tramonta,07:05,0.0
2026-10-02,Northern delta-Piscids,passaggio inferiore,11:54,4.8
2026-10-02,Northern delta-Piscids,sorge,16:43,0.0
2026-10-02,Northern delta-Piscids,culmina,23:52,0.0
2026-10-02,pi6-Orionids,culmina,04:36,0.0
2026-10-02,pi6-Orionids,tramonta,10:47,0.0
2026-10-02,pi6-Orionids,passaggio inferiore,16:34,0.0
2026-10-02,pi6-Orionids,sorge,22:20,0.0
2026-10-02,chi-Taurids,culmina,00:35,0.0
2026-10-02,chi-Taurids,tramonta,08:16,4.4
2026-10-02,chi-Taurids,passaggio inferiore,12:33,0.0
2026-10-02,chi-Taurids,sorge,16:50,0.0
2026-10-02,Northern Taurids,culmina,00:05,4.9
2026-10-02,Northern Taurids,tramonta,07:07,0.0
2026-10-02,Northern Taurids,passaggio inferiore,12:03,0.0
2026-10-02,Northern Taurids,sorge,16:59,0.0
2026-10-02,omicron-Eridanids,culmina,00:36,0.0
2026-10-02,omicron-Eridanids,tramonta,06:44,0.0
2026-10-02,omicron-Eridanids,passaggio inferiore,12:34,0.0
2026-10-02,omicron-Eridanids,sorge,18:24,0.0
2026-10-02,omicron-Geminids,culmina,07:58,0.0
2026-10-02,omicron-Geminids,tramonta,18:16,0.0
2026-10-02,omicron-Geminids,passaggio inferiore,19:56,0.0
2026-10-02,omicron-Geminids,sorge,21:35,0.0
2026-10-02,Northern delta-Aquariids,tramonta,07:13,0.0
2026-10-02,Northern delta-Aquariids,passaggio inferiore,11:55,4.8
2026-10-02,Northern delta-Aquariids,sorge,16:37,0.0
2026-10-02,Northern delta-Aquariids,culmina,23:53,0.0
2026-10-02,kappa-Cygnids,passaggio inferiore,07:22,0.0
2026-10-02,kappa-Cygnids,culmina,19:20,6.4
2026-10-02,sigma-Hydrids,culmina,02:57,0.0
2026-10-02,sigma-Hydrids,tramonta,10:36,0.0
2026-10-02,sigma-Hydrids,passaggio inferiore,14:55,0.0
2026-10-02,sigma-Hydrids,sorge,19:15,5.7
