day,bin,max
2026-10-03,0,5.9
2026-10-03,1,4.2
2026-10-03,2,2.7
2026-10-03,3,2.4
2026-10-03,4,8.6
2026-10-03,5,4.5
2026-10-03,6,4.4
2026-10-03,7,2.7
2026-10-03,8,5.0
2026-10-03,9,2.3
2026-10-03,10,5.2
2026-10-03,11,4.8
2026-10-03,12,4.1
2026-10-03,13,3.8
2026-10-03,14,3.5
2026-10-03,15,5.9
2026-10-03,16,5.5
2026-10-03,17,5.6
2026-10-03,18,2.7
2026-10-03,19,2.9
2026-10-03,20,4.0
2026-10-03,21,6.0
2026-10-03,22,3.7
2026-10-03,23,4.0
2026-10-03,24,2.6
2026-10-03,25,4.3
2026-10-03,26,6.0
2026-10-03,27,3.7
2026-10-03,28,4.0
2026-10-03,29,5.1
2026-10-03,30,3.5
2026-10-03,31,3.4
2026-10-03,32,3.8
2026-10-03,33,3.9
2026-10-03,34,3.7
2026-10-03,35,5.0
2026-10-03,36,5.0
2026-10-03,37,7.0
2026-10-03,38,8.0
2026-10-03,39,3.6
2026-10-03,40,3.7
2026-10-03,41,2.2
2026-10-03,42,3.5
2026-10-03,43,8.6
2026-10-03,44,2.7
2026-10-03,45,3.9
2026-10-03,46,8.3
2026-10-03,47,7.4
