day,t,evento,corpo,momento,g,scarto
2026-09-26,00:00,massimo Y,☄ Northern Taurids,culmina,00:09,-9.0
2026-09-26,11:01,Y(7) BEL-3.5,Sole,culmina,11:00,1.0
2026-09-26,11:01,Y(7) BEL-3.5,Luna,passaggio inferiore,10:51,10.0
2026-09-26,11:01,Y(7) BEL-3.5,Nettuno,passaggio inferiore,10:58,3.0
2026-09-26,11:02,X(8) NGK-4.4,Sole,culmina,11:00,2.0
2026-09-26,11:02,X(8) NGK-4.4,Nettuno,passaggio inferiore,10:58,4.0
2026-09-26,11:05,Y(8) CLF+5.8,Sole,culmina,11:00,5.0
2026-09-26,11:05,Y(8) CLF+5.8,Nettuno,passaggio inferiore,10:58,7.0
2026-09-26,11:05,Z(6) DUR-1.8,Sole,culmina,11:00,5.0
2026-09-26,11:05,Z(6) DUR-1.8,Nettuno,passaggio inferiore,10:58,7.0
2026-09-26,11:25,X(7) NGK+3.0,Saturno,passaggio inferiore,11:31,-6.0
2026-09-26,11:29,X(6) BEL+2.8,Saturno,passaggio inferiore,11:31,-2.0
2026-09-26,11:32,X(8) NGK+2.8,Saturno,passaggio inferiore,11:31,1.0
2026-09-26,11:32,X(8) NGK+2.8,☄ Northern iota-Aquariids,passaggio inferiore,11:42,-10.0
2026-09-26,23:47,X(5) NGK+3.1,☄ Northern iota-Aquariids,culmina,23:40,7.0
2026-09-27,00:06,X(8) CLF+3.3,☄ Northern Taurids,culmina,00:08,-2.0
2026-09-27,00:06,Y(8) BEL-5.2,☄ Northern Taurids,culmina,00:08,-2.0
2026-09-27,01:13,X(5) NGK+2.0,Venere,passaggio inferiore,01:07,6.0
2026-09-27,01:13,X(5) NGK+2.0,Giove,sorge,01:05,8.0
2026-09-27,08:32,massimo Y,Nodo Nord,passaggio inferiore,08:42,-10.0
2026-09-27,10:33,X(5) NGK-2.0,Urano,tramonta,10:34,-1.0
2026-09-27,12:24,minimo Y,Mercurio,culmina,12:19,5.0
2026-09-27,12:24,minimo Y,☄ Southern Taurids,passaggio inferiore,12:16,8.0
