day,t,comp,n,st,val,orphan,culm_Sextantidi diurne,culm_Lincidi di settembre,culm_Tauridi Sud,culm_Daytime kappa-Leonids,culm_Daytime Sextantids,culm_Northern iota-Aquariids,culm_September epsilon-Perseids,culm_xi-Draconids,culm_tau-Cancrids,culm_Southern Taurids,culm_Northern Taurids,culm_October Camelopardalids,culm_October Draconids,culm_chi-Cygnids,culm_October Ursae Majorids,culm_nu-Eridanids,culm_epsilon-Geminids,culm_Northern delta-Piscids,culm_pi6-Orionids,culm_Orionids,culm_Aurigids,culm_omicron-Geminids,culm_chi-Taurids,culm_Northern iota-Aquariids [variante 1973-mm λ148],culm_Northern delta-Aquariids,culm_omicron-Eridanids,culm_kappa-Cygnids,culm_sigma-Hydrids
2026-09-24,2026-09-24 00:32:00,X,8,THY,3.97,-1,,,,,,,,,,,,,,,,,,,,,,,,,,,,
2026-09-24,2026-09-24 00:42:00,X,5,BEL,3.53,-1,,,,,,,,,,,,,,,,,,,,,,,,,,,,
2026-09-24,2026-09-24 01:44:00,X,8,BEL,4.0,-1,,,,,,,,,,,,,,,,,,,,,,,,,,,,
2026-09-24,2026-09-24 01:55:00,X,7,NGK,-4.17,-1,,,,,,,,,,,,,,,,,,,,,,,,,,,,
2026-09-24,2026-09-24 05:38:00,X,5,NGK,-4.75,-1,,,,,,,,,,,,,,,,,,,,,,,,,,,,
2026-09-24,2026-09-24 09:38:00,X,7,NGK,-4.38,0,,,,,,,,,,,,,,,,,,,,,,,,,,,,
2026-09-24,2026-09-24 09:53:00,X,5,NGK,4.88,1,,,,,,,,,,,,,,,,,,,,,,,,,,,,
2026-09-24,2026-09-24 10:02:00,X,5,BEL,5.06,1,,,,,,,,,,,,,,,,,,,,,,,,,,,,
2026-09-24,2026-09-24 15:48:00,X,5,NGK,4.22,0,,,,,,,,,,,,,,,,,,,,,,,,,,,,
2026-09-24,2026-09-24 01:45:00,Y,5,BEL,3.06,-1,,,,,,,,,,,,,,,,,,,,,,,,,,,,
2026-09-24,2026-09-24 01:48:00,Y,8,BEL,-4.03,-1,,,,,,,,,,,,,,,,,,,,,,,,,,,,
2026-09-24,2026-09-24 01:56:00,Y,8,BEL,3.58,-1,,,,,,,,,,,,,,,,,,,,,,,,,,,,
2026-09-24,2026-09-24 05:38:00,Y,6,BEL,4.9,-1,,,,,,,,,,,,,,,,,,,,,,,,,,,,
2026-09-24,2026-09-24 09:35:00,Y,6,NGK,-3.29,0,,,,,,,,,,,,,,,,,,,,,,,,,,,,
2026-09-24,2026-09-24 09:53:00,Y,7,NGK,-3.21,1,,,,,,,,,,,,,,,,,,,,,,,,,,,,
2026-09-24,2026-09-24 10:34:00,Y,6,NGK,-2.66,0,,,,,,,,,,,,,,,,,,,,,,,,,,,,
2026-09-24,2026-09-24 15:42:00,Y,5,BEL,3.22,0,,,,,,,,,,,,,,,,,,,,,,,,,,,,
2026-09-24,2026-09-24 15:45:00,Y,6,BEL,3.76,0,,,,,,,,,,,,,,,,,,,,,,,,,,,,
2026-09-25,2026-09-25 05:46:00,X,7,NGK,-4.36,1,-185.0,-84.0,334.0,,,,,,,,,,,,,,,,,,,,,,,,,
2026-09-25,2026-09-25 09:36:00,X,8,BEL,-4.11,1,45.0,146.0,564.0,,,,,,,,,,,,,,,,,,,,,,,,,
2026-09-25,2026-09-25 10:33:00,X,8,BEL,3.81,1,102.0,203.0,621.0,,,,,,,,,,,,,,,,,,,,,,,,,
2026-09-25,2026-09-25 10:51:00,X,6,NGK,3.65,1,120.0,221.0,639.0,,,,,,,,,,,,,,,,,,,,,,,,,
2026-09-25,2026-09-25 11:05:00,X,5,BEL,-3.36,1,134.0,235.0,653.0,,,,,,,,,,,,,,,,,,,,,,,,,
2026-09-25,2026-09-25 11:14:00,X,5,BEL,-3.76,1,143.0,244.0,662.0,,,,,,,,,,,,,,,,,,,,,,,,,
2026-09-25,2026-09-25 14:30:00,X,7,BEL,-4.62,1,339.0,440.0,-582.0,,,,,,,,,,,,,,,,,,,,,,,,,
2026-09-25,2026-09-25 20:56:00,X,5,BEL,5.04,1,-715.0,-614.0,-196.0,,,,,,,,,,,,,,,,,,,,,,,,,
2026-09-25,2026-09-25 21:04:00,X,6,NGK,4.66,1,-707.0,-606.0,-188.0,,,,,,,,,,,,,,,,,,,,,,,,,
2026-09-25,2026-09-25 07:43:00,Y,7,NGK,4.88,1,-68.0,33.0,451.0,,,,,,,,,,,,,,,,,,,,,,,,,
2026-09-25,2026-09-25 10:49:00,Y,7,BEL,4.18,1,118.0,219.0,637.0,,,,,,,,,,,,,,,,,,,,,,,,,
2026-09-25,2026-09-25 13:55:00,Y,5,BEL,3.72,1,304.0,405.0,-617.0,,,,,,,,,,,,,,,,,,,,,,,,,
2026-09-25,2026-09-25 14:48:00,Y,7,BEL,4.04,1,357.0,458.0,-564.0,,,,,,,,,,,,,,,,,,,,,,,,,
2026-09-25,2026-09-25 20:23:00,Y,5,NGK,3.98,1,692.0,-647.0,-229.0,,,,,,,,,,,,,,,,,,,,,,,,,
2026-09-25,2026-09-25 20:53:00,Y,6,NGK,5.66,1,-718.0,-617.0,-199.0,,,,,,,,,,,,,,,,,,,,,,,,,
2026-09-25,2026-09-25 21:13:00,Y,6,NGK,-4.09,1,-698.0,-597.0,-179.0,,,,,,,,,,,,,,,,,,,,,,,,,
2026-09-26,2026-09-26 11:02:00,X,8,NGK,-4.42,0,,,,86.0,124.0,683.0,467.0,218.0,272.0,644.0,654.0,,,,,,,,,,,,,,,,,
2026-09-26,2026-09-26 11:11:00,X,6,NGK,3.15,0,,,,95.0,133.0,692.0,476.0,227.0,281.0,653.0,663.0,,,,,,,,,,,,,,,,,
2026-09-26,2026-09-26 11:25:00,X,7,NGK,2.95,0,,,,109.0,147.0,706.0,490.0,241.0,295.0,667.0,677.0,,,,,,,,,,,,,,,,,
2026-09-26,2026-09-26 11:29:00,X,6,BEL,2.79,0,,,,113.0,151.0,710.0,494.0,245.0,299.0,671.0,681.0,,,,,,,,,,,,,,,,,
2026-09-26,2026-09-26 11:32:00,X,8,NGK,2.83,0,,,,116.0,154.0,713.0,497.0,248.0,302.0,674.0,684.0,,,,,,,,,,,,,,,,,
2026-09-26,2026-09-26 13:41:00,X,5,NGK,2.78,1,,,,245.0,283.0,-598.0,626.0,377.0,431.0,-637.0,-627.0,,,,,,,,,,,,,,,,,
2026-09-26,2026-09-26 23:47:00,X,5,NGK,3.15,1,,,,-589.0,-551.0,8.0,-208.0,-457.0,-403.0,-31.0,-21.0,,,,,,,,,,,,,,,,,
2026-09-26,2026-09-26 00:46:00,Y,8,NGK,-3.69,1,,,,-530.0,-492.0,67.0,-149.0,-398.0,-344.0,28.0,38.0,,,,,,,,,,,,,,,,,
2026-09-26,2026-09-26 01:32:00,Y,7,NGK,-3.4,0,,,,-484.0,-446.0,113.0,-103.0,-352.0,-298.0,74.0,84.0,,,,,,,,,,,,,,,,,
2026-09-26,2026-09-26 01:42:00,Y,5,NGK,-2.5,0,,,,-474.0,-436.0,123.0,-93.0,-342.0,-288.0,84.0,94.0,,,,,,,,,,,,,,,,,
2026-09-26,2026-09-26 11:01:00,Y,7,BEL,-3.52,0,,,,85.0,123.0,682.0,466.0,217.0,271.0,643.0,653.0,,,,,,,,,,,,,,,,,
2026-09-26,2026-09-26 11:05:00,Y,8,CLF,5.8,0,,,,89.0,127.0,686.0,470.0,221.0,275.0,647.0,657.0,,,,,,,,,,,,,,,,,
2026-09-26,2026-09-26 11:19:00,Y,7,BEL,3.74,0,,,,103.0,141.0,700.0,484.0,235.0,289.0,661.0,671.0,,,,,,,,,,,,,,,,,
2026-09-26,2026-09-26 11:05:00,Z,6,DUR,-1.8,0,,,,89.0,127.0,686.0,470.0,221.0,275.0,647.0,657.0,,,,,,,,,,,,,,,,,
2026-09-27,2026-09-27 00:06:00,X,8,CLF,3.3,1,,,,-569.0,-530.0,28.0,-190.0,-440.0,-384.0,-11.0,-1.0,,,,,,,,,,,,,,,,,
2026-09-27,2026-09-27 01:13:00,X,5,NGK,1.98,1,,,,-502.0,-463.0,95.0,-123.0,-373.0,-317.0,56.0,66.0,,,,,,,,,,,,,,,,,
2026-09-27,2026-09-27 10:33:00,X,5,NGK,-1.98,0,,,,58.0,97.0,655.0,437.0,187.0,243.0,616.0,626.0,,,,,,,,,,,,,,,,,
2026-09-27,2026-09-27 00:06:00,Y,8,BEL,-5.17,1,,,,-569.0,-530.0,28.0,-190.0,-440.0,-384.0,-11.0,-1.0,,,,,,,,,,,,,,,,,
2026-09-27,2026-09-27 00:35:00,Y,7,NGK,2.34,1,,,,-540.0,-501.0,57.0,-161.0,-411.0,-355.0,18.0,28.0,,,,,,,,,,,,,,,,,
2026-09-27,2026-09-27 00:39:00,Y,7,NGK,2.45,1,,,,-536.0,-497.0,61.0,-157.0,-407.0,-351.0,22.0,32.0,,,,,,,,,,,,,,,,,
2026-09-28,2026-09-28 14:51:00,X,5,BEL,-2.17,1,,,,318.0,357.0,-526.0,695.0,444.0,501.0,-565.0,-556.0,311.0,-68.0,-206.0,483.0,645.0,635.0,-544.0,611.0,662.0,498.0,398.0,-584.0,-474.0,-561.0,-591.0,-275.0,712.0
2026-09-28,2026-09-28 14:54:00,X,5,NGK,-1.3,1,,,,321.0,360.0,-523.0,698.0,447.0,504.0,-562.0,-553.0,314.0,-65.0,-203.0,486.0,648.0,638.0,-541.0,614.0,665.0,501.0,401.0,-581.0,-471.0,-558.0,-588.0,-272.0,715.0
2026-09-28,2026-09-28 17:36:00,X,6,BEL,2.79,1,,,,483.0,522.0,-361.0,-580.0,609.0,666.0,-400.0,-391.0,476.0,97.0,-41.0,648.0,-630.0,-640.0,-379.0,-664.0,-613.0,663.0,563.0,-419.0,-309.0,-396.0,-426.0,-110.0,-563.0
2026-09-28,2026-09-28 17:39:00,X,6,BEL,3.12,1,,,,486.0,525.0,-358.0,-577.0,612.0,669.0,-397.0,-388.0,479.0,100.0,-38.0,651.0,-627.0,-637.0,-376.0,-661.0,-610.0,666.0,566.0,-416.0,-306.0,-393.0,-423.0,-107.0,-560.0
2026-09-28,2026-09-28 20:25:00,X,6,BEL,2.13,1,,,,652.0,691.0,-192.0,-411.0,-662.0,-605.0,-231.0,-222.0,645.0,266.0,128.0,-623.0,-461.0,-471.0,-210.0,-495.0,-444.0,-608.0,-708.0,-250.0,-140.0,-227.0,-257.0,59.0,-394.0
2026-09-28,2026-09-28 11:06:00,Y,5,BEL,-1.66,1,,,,93.0,132.0,689.0,470.0,219.0,276.0,650.0,659.0,86.0,-293.0,-431.0,258.0,420.0,410.0,671.0,386.0,437.0,273.0,173.0,631.0,-699.0,654.0,624.0,-500.0,487.0
2026-09-28,2026-09-28 11:25:00,Y,6,NGK,-1.71,1,,,,112.0,151.0,708.0,489.0,238.0,295.0,669.0,678.0,105.0,-274.0,-412.0,277.0,439.0,429.0,690.0,405.0,456.0,292.0,192.0,650.0,-680.0,673.0,643.0,-481.0,506.0
2026-09-28,2026-09-28 17:33:00,Y,5,BEL,1.52,1,,,,480.0,519.0,-364.0,-583.0,606.0,663.0,-403.0,-394.0,473.0,94.0,-44.0,645.0,-633.0,-643.0,-382.0,-667.0,-616.0,660.0,560.0,-422.0,-312.0,-399.0,-429.0,-113.0,-566.0
2026-09-28,2026-09-28 17:37:00,Y,6,BEL,1.81,1,,,,484.0,523.0,-360.0,-579.0,610.0,667.0,-399.0,-390.0,477.0,98.0,-40.0,649.0,-629.0,-639.0,-378.0,-663.0,-612.0,664.0,564.0,-418.0,-308.0,-395.0,-425.0,-109.0,-562.0
2026-09-28,2026-09-28 20:26:00,Y,5,NGK,1.79,1,,,,653.0,692.0,-191.0,-410.0,-661.0,-604.0,-230.0,-221.0,646.0,267.0,129.0,-622.0,-460.0,-470.0,-209.0,-494.0,-443.0,-607.0,-707.0,-249.0,-139.0,-226.0,-256.0,60.0,-393.0
2026-09-29,2026-09-29 01:34:00,Y,5,NGK,-1.43,1,,,,-478.0,-439.0,118.0,-102.0,-355.0,-295.0,79.0,88.0,-484.0,578.0,442.0,-310.0,-151.0,-161.0,100.0,-186.0,-134.0,-295.0,-395.0,59.0,173.0,86.0,54.0,369.0,-85.0
2026-09-30,2026-09-30 13:38:00,X,6,BEL,-2.45,1,,,,248.0,287.0,-597.0,621.0,367.0,429.0,-636.0,-627.0,242.0,-134.0,-268.0,418.0,574.0,563.0,-615.0,539.0,591.0,433.0,333.0,-657.0,-539.0,-626.0,-661.0,-345.0,640.0
2026-09-30,2026-09-30 17:59:00,X,7,BEL,-4.75,1,,,,509.0,548.0,-336.0,-558.0,628.0,690.0,-375.0,-366.0,503.0,127.0,-7.0,679.0,-605.0,-616.0,-354.0,-640.0,-588.0,694.0,594.0,-396.0,-278.0,-365.0,-400.0,-84.0,-539.0
2026-09-30,2026-09-30 18:04:00,X,6,BEL,-3.96,1,,,,514.0,553.0,-331.0,-553.0,633.0,695.0,-370.0,-361.0,508.0,132.0,-2.0,684.0,-600.0,-611.0,-349.0,-635.0,-583.0,699.0,599.0,-391.0,-273.0,-360.0,-395.0,-79.0,-534.0
2026-09-30,2026-09-30 22:03:00,X,7,BEL,-3.27,1,,,,-687.0,-648.0,-92.0,-314.0,-568.0,-506.0,-131.0,-122.0,-693.0,371.0,237.0,-517.0,-361.0,-372.0,-110.0,-396.0,-344.0,-502.0,-602.0,-152.0,-34.0,-121.0,-156.0,160.0,-295.0
2026-09-30,2026-09-30 09:38:00,Y,6,BEL,-1.85,1,,,,8.0,47.0,603.0,381.0,127.0,189.0,564.0,573.0,2.0,-374.0,-508.0,178.0,334.0,323.0,585.0,299.0,351.0,193.0,93.0,543.0,661.0,574.0,539.0,-585.0,400.0
2026-09-30,2026-09-30 10:11:00,Y,5,BEL,-1.71,1,,,,41.0,80.0,636.0,414.0,160.0,222.0,597.0,606.0,35.0,-341.0,-475.0,211.0,367.0,356.0,618.0,332.0,384.0,226.0,126.0,576.0,694.0,607.0,572.0,-552.0,433.0
2026-09-30,2026-09-30 13:38:00,Y,5,CLF,1.7,1,,,,248.0,287.0,-597.0,621.0,367.0,429.0,-636.0,-627.0,242.0,-134.0,-268.0,418.0,574.0,563.0,-615.0,539.0,591.0,433.0,333.0,-657.0,-539.0,-626.0,-661.0,-345.0,640.0
2026-09-30,2026-09-30 17:50:00,Y,6,BEL,2.73,1,,,,500.0,539.0,-345.0,-567.0,619.0,681.0,-384.0,-375.0,494.0,118.0,-16.0,670.0,-614.0,-625.0,-363.0,-649.0,-597.0,685.0,585.0,-405.0,-287.0,-374.0,-409.0,-93.0,-548.0
2026-09-30,2026-09-30 17:59:00,Y,5,BEL,-3.22,1,,,,509.0,548.0,-336.0,-558.0,628.0,690.0,-375.0,-366.0,503.0,127.0,-7.0,679.0,-605.0,-616.0,-354.0,-640.0,-588.0,694.0,594.0,-396.0,-278.0,-365.0,-400.0,-84.0,-539.0
2026-09-30,2026-09-30 18:04:00,Y,6,BEL,-2.43,1,,,,514.0,553.0,-331.0,-553.0,633.0,695.0,-370.0,-361.0,508.0,132.0,-2.0,684.0,-600.0,-611.0,-349.0,-635.0,-583.0,699.0,599.0,-391.0,-273.0,-360.0,-395.0,-79.0,-534.0
